rideId,windowStart,windowEnd,startTimestamp,endTimestamp,predictedBehavior,predictedBehaviorId,confidence,ruleEvents,existingEventType,prob_NORMAL,prob_HIGH_SPEED,prob_HARD_ACCELERATION,prob_HARD_BRAKING,prob_SUDDEN_TURN,prob_MULTI_EVENT,rulePrimaryBehavior,ruleBehavior,modelBehavior,comparable,correct,diagnostic
4,0,29,2026-08-26 17:01:44.906000+00:00,2026-08-26 17:02:43.274000+00:00,NORMAL,0,0.6361221671104431,,NONE,0.6361221671104431,0.0705125778913497,0.0505730099976062,0.039896372705698,0.1695566177368164,0.0333393141627311,NONE,NONE,NORMAL,False,False,NO_RULE_EVENT
4,10,39,2026-08-26 17:02:05.043000+00:00,2026-08-26 17:03:03.398000+00:00,NORMAL,0,0.5195640921592712,,NONE,0.5195640921592712,0.0713639110326767,0.0777809247374534,0.0670287311077117,0.2199183106422424,0.0443440191447734,NONE,NONE,NORMAL,False,False,NO_RULE_EVENT
4,20,49,2026-08-26 17:02:25.156000+00:00,2026-08-26 17:03:23.524000+00:00,NORMAL,0,0.5643010139465332,,NONE,0.5643010139465332,0.0729257389903068,0.0682628750801086,0.0557605810463428,0.1938933730125427,0.0448564291000366,NONE,NONE,NORMAL,False,False,NO_RULE_EVENT
4,30,59,2026-08-26 17:02:45.288000+00:00,2026-08-26 17:03:43.663000+00:00,NORMAL,0,0.6697006225585938,,NONE,0.6697006225585938,0.0722024887800216,0.0308060385286808,0.0195814985781908,0.188830554485321,0.0188787318766117,NONE,NONE,NORMAL,False,False,NO_RULE_EVENT
4,40,69,2026-08-26 17:03:05.421000+00:00,2026-08-26 17:04:03.792000+00:00,NORMAL,0,0.6872225999832153,,NONE,0.6872225999832153,0.0701152458786964,0.0387367382645607,0.029108427464962,0.1493227928876876,0.0254942141473293,NONE,NONE,NORMAL,False,False,NO_RULE_EVENT
4,50,79,2026-08-26 17:03:25.538000+00:00,2026-08-26 17:04:23.935000+00:00,NORMAL,0,0.5792168378829956,,NONE,0.5792168378829956,0.0783865973353385,0.0535664558410644,0.0388803631067276,0.2170480191707611,0.0329017452895641,NONE,NONE,NORMAL,False,False,NO_RULE_EVENT
4,60,89,2026-08-26 17:03:45.678000+00:00,2026-08-26 17:04:44.046000+00:00,NORMAL,0,0.318655252456665,,NONE,0.318655252456665,0.1396868079900741,0.1180205270648002,0.0768999829888343,0.2838767766952514,0.0628606379032135,NONE,NONE,NORMAL,False,False,NO_RULE_EVENT
4,70,99,2026-08-26 17:04:05.806000+00:00,2026-08-26 17:05:04.153000+00:00,SUDDEN_TURN,4,0.2569296061992645,,NONE,0.1826286613941192,0.1034452468156814,0.1634956896305084,0.1769653856754303,0.2569296061992645,0.1165353655815124,NONE,NONE,SUDDEN_TURN,False,False,NO_RULE_EVENT
4,80,109,2026-08-26 17:04:25.947000+00:00,2026-08-26 17:05:37.654000+00:00,NORMAL,0,0.3959663212299347,,NONE,0.3959663212299347,0.10667185485363,0.0926196426153183,0.0635331347584724,0.2791057825088501,0.0621032044291496,NONE,NONE,NORMAL,False,False,NO_RULE_EVENT
4,90,119,2026-08-26 17:04:46.052000+00:00,2026-08-26 17:05:57.784000+00:00,NORMAL,0,0.4810133278369903,,NONE,0.4810133278369903,0.0746157169342041,0.0701007097959518,0.0528598651289939,0.2836154997348785,0.0377948842942714,NONE,NONE,NORMAL,False,False,NO_RULE_EVENT
4,100,129,2026-08-26 17:05:06.167000+00:00,2026-08-26 17:06:17.919000+00:00,NORMAL,0,0.4889965653419494,,NONE,0.4889965653419494,0.0797680243849754,0.0722485184669494,0.0718492716550827,0.2331363707780838,0.0540013164281845,NONE,NONE,NORMAL,False,False,NO_RULE_EVENT
4,110,139,2026-08-26 17:05:39.667000+00:00,2026-08-26 17:06:38.032000+00:00,SUDDEN_TURN,4,0.269638329744339,,NONE,0.2269316911697387,0.1279375851154327,0.126965194940567,0.143400564789772,0.269638329744339,0.1051265969872474,NONE,NONE,SUDDEN_TURN,False,False,NO_RULE_EVENT
4,120,149,2026-08-26 17:05:59.802000+00:00,2026-08-26 17:06:58.169000+00:00,NORMAL,0,0.5781239867210388,,NONE,0.5781239867210388,0.0780810341238975,0.0577968060970306,0.0474198646843433,0.2019618451595306,0.0366164520382881,NONE,NONE,NORMAL,False,False,NO_RULE_EVENT
4,130,159,2026-08-26 17:06:19.931000+00:00,2026-08-26 17:07:18.293000+00:00,NORMAL,0,0.4510588347911834,,NONE,0.4510588347911834,0.0912865698337555,0.0646397545933723,0.045469406992197,0.311864972114563,0.0356804467737674,NONE,NONE,NORMAL,False,False,NO_RULE_EVENT
4,140,169,2026-08-26 17:06:40.045000+00:00,2026-08-26 17:07:38.425000+00:00,NORMAL,0,0.612393856048584,,NONE,0.612393856048584,0.0789129734039306,0.0530973523855209,0.0515343211591243,0.1680730432271957,0.0359883420169353,NONE,NONE,NORMAL,False,False,NO_RULE_EVENT
4,150,179,2026-08-26 17:07:00.175000+00:00,2026-08-26 17:07:58.551000+00:00,NORMAL,0,0.5892472863197327,,NONE,0.5892472863197327,0.0885007306933403,0.0481133982539176,0.0351218953728675,0.2050072848796844,0.0340094119310379,NONE,NONE,NORMAL,False,False,NO_RULE_EVENT
4,160,189,2026-08-26 17:07:20.306000+00:00,2026-08-26 17:08:18.679000+00:00,NORMAL,0,0.5641196966171265,,NONE,0.5641196966171265,0.0735007524490356,0.0619332045316696,0.0541014447808265,0.2063551843166351,0.0399897322058677,NONE,NONE,NORMAL,False,False,NO_RULE_EVENT
4,170,199,2026-08-26 17:07:40.436000+00:00,2026-08-26 17:08:38.809000+00:00,NORMAL,0,0.5579283833503723,,NONE,0.5579283833503723,0.0765374079346656,0.0574145130813121,0.0395745523273944,0.2397212833166122,0.0288238618522882,NONE,NONE,NORMAL,False,False,NO_RULE_EVENT
4,180,209,2026-08-26 17:08:00.563000+00:00,2026-08-26 17:08:58.941000+00:00,NORMAL,0,0.6451241970062256,,NONE,0.6451241970062256,0.0735741704702377,0.0397930182516574,0.0280732307583093,0.1877050399780273,0.025730287656188,NONE,NONE,NORMAL,False,False,NO_RULE_EVENT
4,190,219,2026-08-26 17:08:20.693000+00:00,2026-08-26 17:09:19.085000+00:00,NORMAL,0,0.6030992865562439,,NONE,0.6030992865562439,0.0797296985983848,0.0585255064070224,0.049087256193161,0.1710053980350494,0.0385528765618801,NONE,NONE,NORMAL,False,False,NO_RULE_EVENT
4,200,229,2026-08-26 17:08:40.822000+00:00,2026-08-26 17:09:39.206000+00:00,NORMAL,0,0.3989115357398987,,NONE,0.3989115357398987,0.1224901378154754,0.0622911229729652,0.0352806560695171,0.3481932282447815,0.032833281904459,NONE,NONE,NORMAL,False,False,NO_RULE_EVENT
4,210,239,2026-08-26 17:09:00.954000+00:00,2026-08-26 17:09:59.335000+00:00,NORMAL,0,0.5506623983383179,,NONE,0.5506623983383179,0.0947617962956428,0.0496660396456718,0.0324403569102287,0.2430649548768997,0.0294043738394975,NONE,NONE,NORMAL,False,False,NO_RULE_EVENT
4,220,249,2026-08-26 17:09:21.089000+00:00,2026-08-26 17:10:19.468000+00:00,NORMAL,0,0.4600919485092163,,NONE,0.4600919485092163,0.1146121174097061,0.0630417242646217,0.0415584631264209,0.2866204977035522,0.0340752564370632,NONE,NONE,NORMAL,False,False,NO_RULE_EVENT
4,230,259,2026-08-26 17:09:41.217000+00:00,2026-08-26 17:10:39.599000+00:00,NORMAL,0,0.472061425447464,,NONE,0.472061425447464,0.0878996402025222,0.0734741762280464,0.0536156967282295,0.2730076611042022,0.0399414598941803,NONE,NONE,NORMAL,False,False,NO_RULE_EVENT
4,240,269,2026-08-26 17:10:01.353000+00:00,2026-08-26 17:10:59.733000+00:00,NORMAL,0,0.4621434509754181,,NONE,0.4621434509754181,0.0981374531984329,0.075990006327629,0.0524253249168396,0.2673017978668213,0.0440020039677619,NONE,NONE,NORMAL,False,False,NO_RULE_EVENT
4,250,279,2026-08-26 17:10:21.482000+00:00,2026-08-26 17:11:19.863000+00:00,NORMAL,0,0.4917815327644348,,NONE,0.4917815327644348,0.0819364711642265,0.0740666091442108,0.0525519028306007,0.256189614534378,0.0434738174080848,NONE,NONE,NORMAL,False,False,NO_RULE_EVENT
4,260,289,2026-08-26 17:10:41.617000+00:00,2026-08-26 17:11:39.996000+00:00,SUDDEN_TURN,4,0.2788444757461548,,NONE,0.2687350213527679,0.1645116955041885,0.1271572113037109,0.0880409330129623,0.2788444757461548,0.07271059602499,NONE,NONE,SUDDEN_TURN,False,False,NO_RULE_EVENT
7,0,29,2026-08-26 18:12:47.949000+00:00,2026-08-26 18:13:48.268000+00:00,HARD_BRAKING,3,0.2454769164323806,HARD_ACCELERATION|HARD_BRAKING|SUDDEN_TURN,SUDDEN_TURN|HARD_ACCELERATION|HARD_BRAKING|NONE,0.2067586928606033,0.0653006359934806,0.2226458191871643,0.2454769164323806,0.1735443174839019,0.0862735733389854,MULTI_EVENT,MULTI_EVENT,HARD_BRAKING,True,False,LOW_CONFIDENCE_MISMATCH
7,10,39,2026-08-26 18:13:10.062000+00:00,2026-08-26 18:14:08.403000+00:00,NORMAL,0,0.2323448956012725,SUDDEN_TURN,NONE|SUDDEN_TURN,0.2323448956012725,0.0765988230705261,0.2135238647460937,0.218314453959465,0.165064737200737,0.0941532030701637,SUDDEN_TURN,SUDDEN_TURN,NORMAL,True,False,LOW_CONFIDENCE_MISMATCH
7,20,49,2026-08-26 18:13:30.146000+00:00,2026-08-26 18:14:28.535000+00:00,HARD_ACCELERATION,2,0.2345181405544281,,NONE,0.2284663021564483,0.0756758376955986,0.2345181405544281,0.209022507071495,0.1572974622249603,0.0950197502970695,NONE,NONE,HARD_ACCELERATION,False,False,NO_RULE_EVENT
7,30,59,2026-08-26 18:13:50.281000+00:00,2026-08-26 18:14:48.670000+00:00,NORMAL,0,0.3431841731071472,,NONE,0.3431841731071472,0.069714605808258,0.1819031685590744,0.1650475710630417,0.1707445532083511,0.0694059208035469,NONE,NONE,NORMAL,False,False,NO_RULE_EVENT
7,40,69,2026-08-26 18:14:10.415000+00:00,2026-08-26 18:15:08.805000+00:00,NORMAL,0,0.310236781835556,,NONE,0.310236781835556,0.0758441388607025,0.1990080773830413,0.1869097501039505,0.1526107192039489,0.075390487909317,NONE,NONE,NORMAL,False,False,NO_RULE_EVENT
7,50,79,2026-08-26 18:14:30.550000+00:00,2026-08-26 18:15:28.961000+00:00,NORMAL,0,0.2683019638061523,,NONE,0.2683019638061523,0.0726585239171981,0.2135353684425354,0.1992268860340118,0.1625232547521591,0.0837540552020073,NONE,NONE,NORMAL,False,False,NO_RULE_EVENT
7,60,89,2026-08-26 18:14:50.684000+00:00,2026-08-26 18:15:49.080000+00:00,NORMAL,0,0.2848374545574188,,NONE,0.2848374545574188,0.0767681077122688,0.2120146751403808,0.1886317729949951,0.1575237661600113,0.0802241787314415,NONE,NONE,NORMAL,False,False,NO_RULE_EVENT
7,70,99,2026-08-26 18:15:10.818000+00:00,2026-08-26 18:16:09.210000+00:00,NORMAL,0,0.2984791100025177,,NONE,0.2984791100025177,0.0764353647828102,0.2098573148250579,0.1857375800609588,0.1528184115886688,0.0766722187399864,NONE,NONE,NORMAL,False,False,NO_RULE_EVENT
7,80,109,2026-08-26 18:15:30.957000+00:00,2026-08-26 18:16:29.348000+00:00,NORMAL,0,0.3752816021442413,,NONE,0.3752816021442413,0.0685422793030738,0.1708780825138092,0.1680359840393066,0.1497629731893539,0.0674990341067314,NONE,NONE,NORMAL,False,False,NO_RULE_EVENT
7,90,119,2026-08-26 18:15:51.094000+00:00,2026-08-26 18:16:49.485000+00:00,NORMAL,0,0.3020737767219543,,NONE,0.3020737767219543,0.0815122574567794,0.1891380846500396,0.1959475129842758,0.1484254896640777,0.0829029157757759,NONE,NONE,NORMAL,False,False,NO_RULE_EVENT
7,100,129,2026-08-26 18:16:11.223000+00:00,2026-08-26 18:17:09.622000+00:00,HARD_BRAKING,3,0.255801647901535,,NONE,0.2133996933698654,0.0743218809366226,0.1904360055923462,0.255801647901535,0.1759081482887268,0.0901326462626457,NONE,NONE,HARD_BRAKING,False,False,NO_RULE_EVENT
7,110,139,2026-08-26 18:16:31.360000+00:00,2026-08-26 18:17:29.757000+00:00,NORMAL,0,0.2578497529029846,,NONE,0.2578497529029846,0.0861920192837715,0.2058357894420623,0.1955559104681015,0.1617190539836883,0.0928474441170692,NONE,NONE,NORMAL,False,False,NO_RULE_EVENT
7,120,149,2026-08-26 18:16:51.499000+00:00,2026-08-26 18:17:49.894000+00:00,NORMAL,0,0.2997896075248718,,NONE,0.2997896075248718,0.0654123499989509,0.2116132378578186,0.1845486611127853,0.1576698869466781,0.0809662118554115,NONE,NONE,NORMAL,False,False,NO_RULE_EVENT
7,130,159,2026-08-26 18:17:11.634000+00:00,2026-08-26 18:18:10.030000+00:00,NORMAL,0,0.2656182050704956,,NONE,0.2656182050704956,0.0891306549310684,0.203264445066452,0.1994987428188324,0.1562833189964294,0.0862045660614967,NONE,NONE,NORMAL,False,False,NO_RULE_EVENT
7,140,169,2026-08-26 18:17:31.771000+00:00,2026-08-26 18:18:30.170000+00:00,NORMAL,0,0.3184751868247986,,NONE,0.3184751868247986,0.0845641121268272,0.1866527050733566,0.1639533638954162,0.1703380346298217,0.0760165974497795,NONE,NONE,NORMAL,False,False,NO_RULE_EVENT
7,150,179,2026-08-26 18:17:51.908000+00:00,2026-08-26 18:18:50.307000+00:00,NORMAL,0,0.2628691494464874,,NONE,0.2628691494464874,0.0909469947218895,0.1907417476177215,0.2123378962278366,0.1505884528160095,0.0925157889723777,NONE,NONE,NORMAL,False,False,NO_RULE_EVENT
7,160,189,2026-08-26 18:18:12.046000+00:00,2026-08-26 18:19:10.444000+00:00,NORMAL,0,0.330175906419754,,NONE,0.330175906419754,0.0979089513421058,0.1528455018997192,0.1389338970184326,0.2000889182090759,0.0800468251109123,NONE,NONE,NORMAL,False,False,NO_RULE_EVENT
7,170,199,2026-08-26 18:18:32.186000+00:00,2026-08-26 18:19:30.582000+00:00,NORMAL,0,0.2898807227611542,,NONE,0.2898807227611542,0.1101551577448844,0.1669522076845169,0.1504765152931213,0.1965560615062713,0.0859793871641159,NONE,NONE,NORMAL,False,False,NO_RULE_EVENT
7,180,209,2026-08-26 18:18:52.331000+00:00,2026-08-26 18:19:50.717000+00:00,HARD_ACCELERATION,2,0.2316144406795501,,NONE,0.2225834876298904,0.0886297449469566,0.2316144406795501,0.2022916823625564,0.1550447195768356,0.0998359695076942,NONE,NONE,HARD_ACCELERATION,False,False,NO_RULE_EVENT
7,190,219,2026-08-26 18:19:12.456000+00:00,2026-08-26 18:20:10.855000+00:00,NORMAL,0,0.2764442563056946,,NONE,0.2764442563056946,0.0730794668197631,0.2271704822778701,0.1818769872188568,0.1603343039751052,0.0810945481061935,NONE,NONE,NORMAL,False,False,NO_RULE_EVENT
7,200,229,2026-08-26 18:19:32.595000+00:00,2026-08-26 18:20:30.992000+00:00,NORMAL,0,0.239009827375412,,NONE,0.239009827375412,0.0718780383467674,0.2366316020488739,0.1982618868350982,0.1638891249895095,0.0903295278549194,NONE,NONE,NORMAL,False,False,NO_RULE_EVENT
7,210,239,2026-08-26 18:19:52.730000+00:00,2026-08-26 18:20:51.122000+00:00,NORMAL,0,0.2669267058372497,,NONE,0.2669267058372497,0.0666722506284713,0.2281383872032165,0.1936018019914627,0.1638940125703811,0.0807668566703796,NONE,NONE,NORMAL,False,False,NO_RULE_EVENT
7,220,249,2026-08-26 18:20:12.869000+00:00,2026-08-26 18:21:11.233000+00:00,SUDDEN_TURN,4,0.3555429875850677,SUDDEN_TURN,NONE|SUDDEN_TURN,0.2363133877515792,0.1032584011554718,0.1464253216981887,0.0879102349281311,0.3555429875850677,0.070549689233303,SUDDEN_TURN,SUDDEN_TURN,SUDDEN_TURN,True,True,MATCH
10,0,29,2026-08-27 20:47:16.930000+00:00,2026-08-27 20:48:15.289000+00:00,NORMAL,0,0.3223272860050201,SUDDEN_TURN,SUDDEN_TURN|NONE,0.3223272860050201,0.0881770551204681,0.0971524491906166,0.1229374855756759,0.2918890118598938,0.0775167346000671,SUDDEN_TURN,SUDDEN_TURN,NORMAL,True,False,LOW_CONFIDENCE_MISMATCH
10,10,39,2026-08-27 20:47:37.042000+00:00,2026-08-27 20:48:35.429000+00:00,NORMAL,0,0.327480673789978,,NONE,0.327480673789978,0.0894006565213203,0.1073427870869636,0.1034703701734542,0.2964526712894439,0.0758528411388397,NONE,NONE,NORMAL,False,False,NO_RULE_EVENT
10,20,49,2026-08-27 20:47:57.163000+00:00,2026-08-27 20:48:55.540000+00:00,SUDDEN_TURN,4,0.3055278956890106,,NONE,0.3033517599105835,0.1086307018995285,0.1179610937833786,0.0898702293634414,0.3055278956890106,0.074658378958702,NONE,NONE,SUDDEN_TURN,False,False,NO_RULE_EVENT
10,30,59,2026-08-27 20:48:17.305000+00:00,2026-08-27 20:49:15.670000+00:00,NORMAL,0,0.4705857038497925,,NONE,0.4705857038497925,0.0732849240303039,0.0932381674647331,0.071517489850521,0.2335839569568634,0.0577897429466247,NONE,NONE,NORMAL,False,False,NO_RULE_EVENT
10,40,69,2026-08-27 20:48:37.449000+00:00,2026-08-27 20:49:35.791000+00:00,NORMAL,0,0.6272660493850708,,NONE,0.6272660493850708,0.1315815448760986,0.0516499206423759,0.0384705513715744,0.1100640520453453,0.0409678220748901,NONE,NONE,NORMAL,False,False,NO_RULE_EVENT
10,50,79,2026-08-27 20:48:57.556000+00:00,2026-08-27 20:49:55.930000+00:00,NORMAL,0,0.5367858409881592,,NONE,0.5367858409881592,0.1948466897010803,0.044679045677185,0.0203260481357574,0.1775490790605545,0.0258132982999086,NONE,NONE,NORMAL,False,False,NO_RULE_EVENT
10,60,89,2026-08-27 20:49:17.682000+00:00,2026-08-27 20:50:16.060000+00:00,NORMAL,0,0.460499495267868,,NONE,0.460499495267868,0.248778760433197,0.0624853856861591,0.0282628685235977,0.1596485376358032,0.040324930101633,NONE,NONE,NORMAL,False,False,NO_RULE_EVENT
10,70,99,2026-08-27 20:49:37.805000+00:00,2026-08-27 20:50:36.200000+00:00,NORMAL,0,0.3732920289039612,HIGH_SPEED,NONE|SPEED,0.3732920289039612,0.28980153799057,0.0688823238015174,0.028688795864582,0.2003909796476364,0.0389443337917327,HIGH_SPEED,HIGH_SPEED,NORMAL,True,False,LOW_CONFIDENCE_MISMATCH
10,80,109,2026-08-27 20:49:57.945000+00:00,2026-08-27 20:50:56.342000+00:00,NORMAL,0,0.4023624360561371,HIGH_SPEED,NONE|SPEED,0.4023624360561371,0.3242695927619934,0.0445419289171695,0.0172097142785787,0.1822670698165893,0.0293493773788213,HIGH_SPEED,HIGH_SPEED,NORMAL,True,False,LOW_CONFIDENCE_MISMATCH
10,90,119,2026-08-27 20:50:18.076000+00:00,2026-08-27 20:51:16.474000+00:00,NORMAL,0,0.4229927062988281,HIGH_SPEED,NONE|SPEED,0.4229927062988281,0.1868061125278473,0.084393210709095,0.0494234599173069,0.2063263803720474,0.0500581264495849,HIGH_SPEED,HIGH_SPEED,NORMAL,True,False,LOW_CONFIDENCE_MISMATCH
10,100,129,2026-08-27 20:50:38.214000+00:00,2026-08-27 20:51:36.617000+00:00,NORMAL,0,0.464422345161438,,NONE,0.464422345161438,0.2752329707145691,0.0419277139008045,0.0171052664518356,0.1722695678472519,0.0290420949459075,NONE,NONE,NORMAL,False,False,NO_RULE_EVENT
10,110,139,2026-08-27 20:50:58.352000+00:00,2026-08-27 20:51:56.747000+00:00,NORMAL,0,0.3814821243286133,,NONE,0.3814821243286133,0.2109227478504181,0.0565882287919521,0.0229585133492946,0.2993239462375641,0.0287244394421577,NONE,NONE,NORMAL,False,False,NO_RULE_EVENT
10,120,149,2026-08-27 20:51:18.490000+00:00,2026-08-27 20:52:16.883000+00:00,NORMAL,0,0.5998830199241638,,NONE,0.5998830199241638,0.1462226659059524,0.0367187224328517,0.019620819017291,0.1730712652206421,0.0244834795594215,NONE,NONE,NORMAL,False,False,NO_RULE_EVENT
10,130,159,2026-08-27 20:51:38.625000+00:00,2026-08-27 20:52:37.035000+00:00,SUDDEN_TURN,4,0.3336800336837768,SUDDEN_TURN,NONE|SUDDEN_TURN,0.1988497823476791,0.2536300718784332,0.0837628990411758,0.0497639961540699,0.3336800336837768,0.0803131535649299,SUDDEN_TURN,SUDDEN_TURN,SUDDEN_TURN,True,True,MATCH
10,140,169,2026-08-27 20:51:58.761000+00:00,2026-08-27 20:52:57.171000+00:00,NORMAL,0,0.5331823229789734,SUDDEN_TURN,NONE|SUDDEN_TURN,0.5331823229789734,0.0908014252781868,0.0631606578826904,0.0455733723938465,0.2294024229049682,0.0378797464072704,SUDDEN_TURN,SUDDEN_TURN,NORMAL,True,False,MEDIUM_CONFIDENCE_MISMATCH
10,150,179,2026-08-27 20:52:18.915000+00:00,2026-08-27 20:53:17.305000+00:00,NORMAL,0,0.5145775079727173,SUDDEN_TURN,NONE|SUDDEN_TURN,0.5145775079727173,0.0712164863944053,0.0803079754114151,0.0638539418578147,0.2304911166429519,0.0395529344677925,SUDDEN_TURN,SUDDEN_TURN,NORMAL,True,False,MEDIUM_CONFIDENCE_MISMATCH
10,160,189,2026-08-27 20:52:39.048000+00:00,2026-08-27 20:53:37.443000+00:00,NORMAL,0,0.6409153938293457,,NONE,0.6409153938293457,0.1595332324504852,0.0361207127571105,0.0189085379242897,0.1195071190595626,0.0250150188803672,NONE,NONE,NORMAL,False,False,NO_RULE_EVENT
10,170,199,2026-08-27 20:52:59.187000+00:00,2026-08-27 20:53:57.581000+00:00,SUDDEN_TURN,4,0.3525456190109253,,NONE,0.3006746172904968,0.2333485931158065,0.0534293539822101,0.0239020101726055,0.3525456190109253,0.0360997952520847,NONE,NONE,SUDDEN_TURN,False,False,NO_RULE_EVENT
11,0,29,2026-08-27 20:54:23.258000+00:00,2026-08-27 20:55:21.658000+00:00,NORMAL,0,0.5652583241462708,,NONE,0.5652583241462708,0.0893691182136535,0.0579191632568836,0.0420004986226558,0.2140674144029617,0.0313855595886707,NONE,NONE,NORMAL,False,False,NO_RULE_EVENT
11,10,39,2026-08-27 20:54:43.397000+00:00,2026-08-27 20:55:41.794000+00:00,NORMAL,0,0.6771873235702515,,NONE,0.6771873235702515,0.1206200718879699,0.033329926431179,0.0187587328255176,0.1297064423561096,0.0203975047916173,NONE,NONE,NORMAL,False,False,NO_RULE_EVENT
11,20,49,2026-08-27 20:55:03.534000+00:00,2026-08-27 20:56:01.934000+00:00,NORMAL,0,0.5489354133605957,,NONE,0.5489354133605957,0.1782858520746231,0.044928204268217,0.0237380228936672,0.1756908744573593,0.0284216441214084,NONE,NONE,NORMAL,False,False,NO_RULE_EVENT
11,30,59,2026-08-27 20:55:23.672000+00:00,2026-08-27 20:56:22.072000+00:00,NORMAL,0,0.6103534698486328,,NONE,0.6103534698486328,0.153870090842247,0.0421570986509323,0.0244818236678838,0.1428584605455398,0.0262790564447641,NONE,NONE,NORMAL,False,False,NO_RULE_EVENT
11,40,69,2026-08-27 20:55:43.813000+00:00,2026-08-27 20:56:42.208000+00:00,NORMAL,0,0.5081257820129395,,NONE,0.5081257820129395,0.1691406965255737,0.0482757687568664,0.0267849378287792,0.2178497463464737,0.0298231169581413,NONE,NONE,NORMAL,False,False,NO_RULE_EVENT
11,50,79,2026-08-27 20:56:03.951000+00:00,2026-08-27 20:57:02.347000+00:00,NORMAL,0,0.651106059551239,,NONE,0.651106059551239,0.0966532677412033,0.0323390178382396,0.0184365883469581,0.1829989999532699,0.0184660442173481,NONE,NONE,NORMAL,False,False,NO_RULE_EVENT
11,60,89,2026-08-27 20:56:24.088000+00:00,2026-08-27 20:57:22.486000+00:00,NORMAL,0,0.5784029364585876,,NONE,0.5784029364585876,0.1214268952608108,0.0402832254767417,0.0245367400348186,0.2126295715570449,0.022720593959093,NONE,NONE,NORMAL,False,False,NO_RULE_EVENT
11,70,99,2026-08-27 20:56:44.222000+00:00,2026-08-27 20:57:42.604000+00:00,NORMAL,0,0.6450068950653076,,NONE,0.6450068950653076,0.1011992841958999,0.0378526113927364,0.0256079696118831,0.165949136018753,0.0243841838091611,NONE,NONE,NORMAL,False,False,NO_RULE_EVENT
11,80,109,2026-08-27 20:57:04.364000+00:00,2026-08-27 20:58:02.726000+00:00,NORMAL,0,0.6656181216239929,,NONE,0.6656181216239929,0.0899938195943832,0.035077329725027,0.0230514146387577,0.1629878133535385,0.0232715085148811,NONE,NONE,NORMAL,False,False,NO_RULE_EVENT
11,90,119,2026-08-27 20:57:24.490000+00:00,2026-08-27 20:58:22.826000+00:00,NORMAL,0,0.3252979218959808,,NONE,0.3252979218959808,0.1311120092868805,0.1110434681177139,0.0814075022935867,0.2829543352127075,0.0681847259402275,NONE,NONE,NORMAL,False,False,NO_RULE_EVENT
11,100,129,2026-08-27 20:57:44.622000+00:00,2026-08-27 20:58:42.961000+00:00,NORMAL,0,0.692236065864563,,NONE,0.692236065864563,0.1077947616577148,0.0311252493411302,0.0182064641267061,0.1304510235786438,0.0201863721013069,NONE,NONE,NORMAL,False,False,NO_RULE_EVENT
11,110,139,2026-08-27 20:58:04.744000+00:00,2026-08-27 20:59:03.096000+00:00,NORMAL,0,0.5652664303779602,,NONE,0.5652664303779602,0.1234229430556297,0.0579990893602371,0.0401260331273078,0.1792799979448318,0.0339055247604846,NONE,NONE,NORMAL,False,False,NO_RULE_EVENT
11,120,149,2026-08-27 20:58:24.843000+00:00,2026-08-27 20:59:23.231000+00:00,NORMAL,0,0.514765202999115,,NONE,0.514765202999115,0.1530590504407882,0.053272970020771,0.0303189828991889,0.2196982651948928,0.0288855209946632,NONE,NONE,NORMAL,False,False,NO_RULE_EVENT
11,130,159,2026-08-27 20:58:44.974000+00:00,2026-08-27 20:59:43.367000+00:00,NORMAL,0,0.5788866281509399,,NONE,0.5788866281509399,0.1378254443407058,0.0409070812165737,0.0229622405022382,0.1939467340707779,0.0254718717187643,NONE,NONE,NORMAL,False,False,NO_RULE_EVENT
12,0,29,2026-08-27 21:00:04.424000+00:00,2026-08-27 21:01:02.807000+00:00,NORMAL,0,0.5020843148231506,SUDDEN_TURN,SUDDEN_TURN|NONE,0.5020843148231506,0.2313765734434127,0.0449248366057872,0.0195407476276159,0.1737499684095382,0.0283234566450119,SUDDEN_TURN,SUDDEN_TURN,NORMAL,True,False,MEDIUM_CONFIDENCE_MISMATCH
12,10,39,2026-08-27 21:00:24.552000+00:00,2026-08-27 21:01:22.943000+00:00,NORMAL,0,0.4173982441425323,,NONE,0.4173982441425323,0.1858982741832733,0.0466830506920814,0.0232972148805856,0.2986662089824676,0.0280568916350603,NONE,NONE,NORMAL,False,False,NO_RULE_EVENT
12,20,49,2026-08-27 21:00:44.685000+00:00,2026-08-27 21:01:43.084000+00:00,NORMAL,0,0.5903703570365906,,NONE,0.5903703570365906,0.0879880115389823,0.0599380433559417,0.0454518310725688,0.1808938086032867,0.035358041524887,NONE,NONE,NORMAL,False,False,NO_RULE_EVENT
12,30,59,2026-08-27 21:01:04.821000+00:00,2026-08-27 21:02:03.220000+00:00,NORMAL,0,0.568385124206543,,NONE,0.568385124206543,0.1347445696592331,0.0538564324378967,0.0351842120289802,0.1752891391515731,0.0325405560433864,NONE,NONE,NORMAL,False,False,NO_RULE_EVENT
12,40,69,2026-08-27 21:01:24.957000+00:00,2026-08-27 21:02:23.351000+00:00,NORMAL,0,0.5149722695350647,,NONE,0.5149722695350647,0.1306951493024826,0.0761562809348106,0.0567256063222885,0.1710477322340011,0.0504029653966426,NONE,NONE,NORMAL,False,False,NO_RULE_EVENT
12,50,79,2026-08-27 21:01:45.093000+00:00,2026-08-27 21:02:43.489000+00:00,NORMAL,0,0.4287142157554626,,NONE,0.4287142157554626,0.1590441614389419,0.0554485730826854,0.0281076878309249,0.2987262904644012,0.0299590583890676,NONE,NONE,NORMAL,False,False,NO_RULE_EVENT
12,60,89,2026-08-27 21:02:05.229000+00:00,2026-08-27 21:03:03.623000+00:00,NORMAL,0,0.6033360958099365,,NONE,0.6033360958099365,0.1613849997520446,0.0488023906946182,0.0316985696554183,0.1226034313440322,0.0321744680404663,NONE,NONE,NORMAL,False,False,NO_RULE_EVENT
12,70,99,2026-08-27 21:02:25.367000+00:00,2026-08-27 21:03:23.756000+00:00,SUDDEN_TURN,4,0.3299632370471954,,NONE,0.2603476643562317,0.2021241933107376,0.0944198071956634,0.055380929261446,0.3299632370471954,0.0577640980482101,NONE,NONE,SUDDEN_TURN,False,False,NO_RULE_EVENT
12,80,109,2026-08-27 21:02:45.502000+00:00,2026-08-27 21:03:43.875000+00:00,NORMAL,0,0.5090819001197815,SUDDEN_TURN,NONE|SUDDEN_TURN,0.5090819001197815,0.1881705671548843,0.0625522509217262,0.0369521901011467,0.165790170431137,0.0374529361724853,SUDDEN_TURN,SUDDEN_TURN,NORMAL,True,False,MEDIUM_CONFIDENCE_MISMATCH
12,90,119,2026-08-27 21:03:05.640000+00:00,2026-08-27 21:04:06.024000+00:00,NORMAL,0,0.440336138010025,SUDDEN_TURN,NONE|SUDDEN_TURN,0.440336138010025,0.1642868667840957,0.0426281988620758,0.0235024746507406,0.3032135367393493,0.0260327085852623,SUDDEN_TURN,SUDDEN_TURN,NORMAL,True,False,LOW_CONFIDENCE_MISMATCH
12,100,129,2026-08-27 21:03:25.765000+00:00,2026-08-27 21:04:26.157000+00:00,NORMAL,0,0.4273180365562439,SUDDEN_TURN,NONE|SUDDEN_TURN,0.4273180365562439,0.0890981405973434,0.1021157056093216,0.0981161072850227,0.2246355861425399,0.0587164014577865,SUDDEN_TURN,SUDDEN_TURN,NORMAL,True,False,LOW_CONFIDENCE_MISMATCH
12,110,139,2026-08-27 21:03:45.888000+00:00,2026-08-27 21:04:46.295000+00:00,NORMAL,0,0.4185228645801544,,NONE,0.4185228645801544,0.1341811567544937,0.0703163519501686,0.0586359165608882,0.2629519701004028,0.0553917810320854,NONE,NONE,NORMAL,False,False,NO_RULE_EVENT
12,120,149,2026-08-27 21:04:08.038000+00:00,2026-08-27 21:05:06.421000+00:00,NORMAL,0,0.6780995726585388,,NONE,0.6780995726585388,0.0819921121001243,0.0256829839199781,0.0170462820678949,0.1773330867290496,0.0198459848761558,NONE,NONE,NORMAL,False,False,NO_RULE_EVENT
12,130,159,2026-08-27 21:04:28.171000+00:00,2026-08-27 21:05:26.555000+00:00,NORMAL,0,0.7137035727500916,,NONE,0.7137035727500916,0.0766467973589897,0.0373418778181076,0.0337745025753974,0.1111482828855514,0.0273848734796047,NONE,NONE,NORMAL,False,False,NO_RULE_EVENT
12,140,169,2026-08-27 21:04:48.302000+00:00,2026-08-27 21:05:46.689000+00:00,NORMAL,0,0.4859890937805176,,NONE,0.4859890937805176,0.1180605515837669,0.0549023263156414,0.0311009716242551,0.2808398604393005,0.0291072074323892,NONE,NONE,NORMAL,False,False,NO_RULE_EVENT
12,150,179,2026-08-27 21:05:08.435000+00:00,2026-08-27 21:06:06.821000+00:00,NORMAL,0,0.6819023489952087,,NONE,0.6819023489952087,0.1178729385137558,0.0347229950129985,0.020335542038083,0.1239492744207382,0.0212168991565704,NONE,NONE,NORMAL,False,False,NO_RULE_EVENT
12,160,189,2026-08-27 21:05:28.569000+00:00,2026-08-27 21:06:26.952000+00:00,NORMAL,0,0.5762955546379089,,NONE,0.5762955546379089,0.2257794588804245,0.038986574858427,0.0190131552517414,0.113685131072998,0.0262401457875967,NONE,NONE,NORMAL,False,False,NO_RULE_EVENT
12,170,199,2026-08-27 21:05:48.711000+00:00,2026-08-27 21:06:47.083000+00:00,NORMAL,0,0.3729570508003235,,NONE,0.3729570508003235,0.2763473987579345,0.0464724339544773,0.0193157438188791,0.2539437711238861,0.0309636369347572,NONE,NONE,NORMAL,False,False,NO_RULE_EVENT
12,180,209,2026-08-27 21:06:08.834000+00:00,2026-08-27 21:07:07.218000+00:00,NORMAL,0,0.5315031409263611,,NONE,0.5315031409263611,0.1411784291267395,0.0425345562398433,0.0230632461607456,0.2357631921768188,0.0259573645889759,NONE,NONE,NORMAL,False,False,NO_RULE_EVENT
12,190,219,2026-08-27 21:06:28.970000+00:00,2026-08-27 21:07:27.348000+00:00,NORMAL,0,0.6287484765052795,,NONE,0.6287484765052795,0.1190659776329994,0.0478670857846736,0.0340192802250385,0.1372045576572418,0.0330945812165737,NONE,NONE,NORMAL,False,False,NO_RULE_EVENT
12,200,229,2026-08-27 21:06:49.097000+00:00,2026-08-27 21:07:47.480000+00:00,NORMAL,0,0.5623366236686707,,NONE,0.5623366236686707,0.1382689774036407,0.0422332435846328,0.0243933480232954,0.2030804902315139,0.0296872649341821,NONE,NONE,NORMAL,False,False,NO_RULE_EVENT
12,210,239,2026-08-27 21:07:09.231000+00:00,2026-08-27 21:08:07.616000+00:00,NORMAL,0,0.6343845725059509,,NONE,0.6343845725059509,0.1334809064865112,0.0413135476410388,0.0252881273627281,0.1400209069252014,0.0255119074136018,NONE,NONE,NORMAL,False,False,NO_RULE_EVENT
12,220,249,2026-08-27 21:07:29.362000+00:00,2026-08-27 21:08:27.746000+00:00,NORMAL,0,0.5078245997428894,,NONE,0.5078245997428894,0.1487259715795517,0.0617286749184131,0.0338552370667457,0.2127675414085388,0.0350979678332805,NONE,NONE,NORMAL,False,False,NO_RULE_EVENT
12,230,259,2026-08-27 21:07:49.494000+00:00,NaT,SUDDEN_TURN,4,0.5888915657997131,SUDDEN_TURN,NONE|SUDDEN_TURN,0.2288664728403091,0.0865395963191986,0.0514332838356494,0.0217566881328821,0.5888915657997131,0.0225124508142471,SUDDEN_TURN,SUDDEN_TURN,SUDDEN_TURN,True,True,MATCH
13,0,29,2026-08-27 21:08:49.962000+00:00,2026-08-27 21:09:48.337000+00:00,HIGH_SPEED,1,0.3549099862575531,HIGH_SPEED,NONE|SPEED,0.2538260519504547,0.3549099862575531,0.0753512233495712,0.0277022588998079,0.2396187633275985,0.048591673374176,HIGH_SPEED,HIGH_SPEED,HIGH_SPEED,True,True,MATCH
13,10,39,2026-08-27 21:09:10.084000+00:00,2026-08-27 21:10:08.480000+00:00,HIGH_SPEED,1,0.3369577527046203,HIGH_SPEED,NONE|SPEED,0.2879983484745025,0.3369577527046203,0.0776917412877082,0.0293646436184644,0.2148084193468094,0.0531790554523468,HIGH_SPEED,HIGH_SPEED,HIGH_SPEED,True,True,MATCH
13,20,49,2026-08-27 21:09:30.216000+00:00,2026-08-27 21:10:28.603000+00:00,HIGH_SPEED,1,0.3652145862579345,HIGH_SPEED,SPEED|NONE,0.280512273311615,0.3652145862579345,0.0501900687813758,0.0177851431071758,0.2543152272701263,0.0319826938211917,HIGH_SPEED,HIGH_SPEED,HIGH_SPEED,True,True,MATCH
13,30,59,2026-08-27 21:09:50.349000+00:00,2026-08-27 21:10:48.736000+00:00,NORMAL,0,0.4478783905506134,HIGH_SPEED,NONE|SPEED,0.4478783905506134,0.1963993608951568,0.0441484600305557,0.0220863185822963,0.2625543475151062,0.0269332192838192,HIGH_SPEED,HIGH_SPEED,NORMAL,True,False,LOW_CONFIDENCE_MISMATCH
13,40,69,2026-08-27 21:10:10.485000+00:00,2026-08-27 21:11:08.881000+00:00,NORMAL,0,0.4044106006622314,,NONE,0.4044106006622314,0.1498470902442932,0.0640230178833007,0.0415919795632362,0.2989038825035095,0.0412234663963317,NONE,NONE,NORMAL,False,False,NO_RULE_EVENT
13,50,79,2026-08-27 21:10:30.617000+00:00,2026-08-27 21:11:31.013000+00:00,NORMAL,0,0.536443293094635,,NONE,0.536443293094635,0.0988719388842582,0.0604456141591072,0.0719147250056266,0.1863867342472076,0.0459376499056816,NONE,NONE,NORMAL,False,False,NO_RULE_EVENT
13,60,89,2026-08-27 21:10:50.750000+00:00,2026-08-27 21:11:51.149000+00:00,NORMAL,0,0.4745014011859894,,NONE,0.4745014011859894,0.2079238146543502,0.0531442947685718,0.0243216138333082,0.2076181918382644,0.0324906222522258,NONE,NONE,NORMAL,False,False,NO_RULE_EVENT
13,70,99,2026-08-27 21:11:10.885000+00:00,2026-08-27 21:12:11.276000+00:00,NORMAL,0,0.3434474766254425,,NONE,0.3434474766254425,0.1094656139612197,0.1090183556079864,0.1124006211757659,0.2530938386917114,0.072574071586132,NONE,NONE,NORMAL,False,False,NO_RULE_EVENT
13,80,109,2026-08-27 21:11:33.026000+00:00,2026-08-27 21:12:31.409000+00:00,NORMAL,0,0.581144392490387,,NONE,0.581144392490387,0.1721650063991546,0.0503306314349174,0.0307822413742542,0.1258239895105362,0.0397537387907505,NONE,NONE,NORMAL,False,False,NO_RULE_EVENT
13,90,119,2026-08-27 21:11:53.159000+00:00,2026-08-27 21:12:51.540000+00:00,NORMAL,0,0.4465382695198059,,NONE,0.4465382695198059,0.2238806784152984,0.0404459983110427,0.0178926270455122,0.2445768564939499,0.0266656000167131,NONE,NONE,NORMAL,False,False,NO_RULE_EVENT
13,100,129,2026-08-27 21:12:13.289000+00:00,2026-08-27 21:13:11.672000+00:00,NORMAL,0,0.3625138103961944,,NONE,0.3625138103961944,0.1200826317071914,0.107963316142559,0.0878841280937194,0.2539312541484833,0.0676249116659164,NONE,NONE,NORMAL,False,False,NO_RULE_EVENT
13,110,139,2026-08-27 21:12:33.423000+00:00,2026-08-27 21:13:31.802000+00:00,NORMAL,0,0.3744239211082458,HARD_ACCELERATION|HARD_BRAKING,NONE|HARD_ACCELERATION|HARD_BRAKING,0.3744239211082458,0.204786017537117,0.0736018642783165,0.0433176308870315,0.2631932497024536,0.0406772568821907,MULTI_EVENT,MULTI_EVENT,NORMAL,True,False,LOW_CONFIDENCE_MISMATCH
13,120,149,2026-08-27 21:12:53.553000+00:00,2026-08-27 21:13:51.935000+00:00,NORMAL,0,0.6125203967094421,HARD_ACCELERATION|HARD_BRAKING,NONE|HARD_ACCELERATION|HARD_BRAKING,0.6125203967094421,0.1524111628532409,0.0454544238746166,0.0255255308002233,0.1354564875364303,0.0286320261657238,MULTI_EVENT,MULTI_EVENT,NORMAL,True,False,MEDIUM_CONFIDENCE_MISMATCH
14,0,29,2026-08-27 21:14:11.713000+00:00,2026-08-27 21:15:12.101000+00:00,NORMAL,0,0.6909863948822021,,NONE,0.6909863948822021,0.1104415133595466,0.0319225192070007,0.0197395905852317,0.1286437809467315,0.0182661321014165,NONE,NONE,NORMAL,False,False,NO_RULE_EVENT
14,10,39,2026-08-27 21:14:31.846000+00:00,2026-08-27 21:15:32.231000+00:00,NORMAL,0,0.5563406348228455,,NONE,0.5563406348228455,0.1395659893751144,0.0560765787959098,0.0347069278359413,0.1820463985204696,0.0312634073197841,NONE,NONE,NORMAL,False,False,NO_RULE_EVENT
14,20,49,2026-08-27 21:14:51.975000+00:00,2026-08-27 21:15:52.362000+00:00,NORMAL,0,0.6009811758995056,,NONE,0.6009811758995056,0.1360672563314438,0.031774740666151,0.0170921776443719,0.1926214545965194,0.021463194862008,NONE,NONE,NORMAL,False,False,NO_RULE_EVENT
14,30,59,2026-08-27 21:15:14.126000+00:00,2026-08-27 21:16:12.492000+00:00,NORMAL,0,0.6397455930709839,,NONE,0.6397455930709839,0.0922379568219184,0.0360933877527713,0.0223751422017812,0.1886025965213775,0.0209452901035547,NONE,NONE,NORMAL,False,False,NO_RULE_EVENT
14,40,69,2026-08-27 21:15:34.245000+00:00,2026-08-27 21:16:32.621000+00:00,NORMAL,0,0.5835629105567932,,NONE,0.5835629105567932,0.1003013476729393,0.0492596738040447,0.0355800688266754,0.2045739740133285,0.0267220083624124,NONE,NONE,NORMAL,False,False,NO_RULE_EVENT
14,50,79,2026-08-27 21:15:54.373000+00:00,2026-08-27 21:16:52.749000+00:00,NORMAL,0,0.5523726940155029,,NONE,0.5523726940155029,0.1205379515886306,0.0508837066590786,0.0332592129707336,0.2133441716432571,0.0296023357659578,NONE,NONE,NORMAL,False,False,NO_RULE_EVENT
14,60,89,2026-08-27 21:16:14.507000+00:00,2026-08-27 21:17:12.878000+00:00,NORMAL,0,0.6001808047294617,HARD_ACCELERATION,NONE|HARD_ACCELERATION,0.6001808047294617,0.1069220229983329,0.0294282957911491,0.0197688676416873,0.2193144112825393,0.0243857055902481,HARD_ACCELERATION,HARD_ACCELERATION,NORMAL,True,False,MEDIUM_CONFIDENCE_MISMATCH
14,70,99,2026-08-27 21:16:34.633000+00:00,2026-08-27 21:17:33.010000+00:00,NORMAL,0,0.6615612506866455,HARD_ACCELERATION,NONE|HARD_ACCELERATION,0.6615612506866455,0.0680662617087364,0.0466927252709865,0.0384543053805828,0.156316876411438,0.0289084911346435,HARD_ACCELERATION,HARD_ACCELERATION,NORMAL,True,False,MEDIUM_CONFIDENCE_MISMATCH
14,80,109,2026-08-27 21:16:54.763000+00:00,2026-08-27 21:17:53.146000+00:00,NORMAL,0,0.5663579702377319,HARD_ACCELERATION,NONE|HARD_ACCELERATION,0.5663579702377319,0.1092326492071151,0.0380533076822757,0.0218387562781572,0.2444077283143997,0.0201095826923847,HARD_ACCELERATION,HARD_ACCELERATION,NORMAL,True,False,MEDIUM_CONFIDENCE_MISMATCH
14,90,119,2026-08-27 21:17:14.892000+00:00,2026-08-27 21:18:13.269000+00:00,NORMAL,0,0.707182765007019,,NONE,0.707182765007019,0.1160710155963897,0.0355878770351409,0.0234428066760301,0.0903212204575538,0.0273943655192852,NONE,NONE,NORMAL,False,False,NO_RULE_EVENT
14,100,129,2026-08-27 21:17:35.021000+00:00,2026-08-27 21:18:33.400000+00:00,NORMAL,0,0.4242073595523834,,NONE,0.4242073595523834,0.1722561568021774,0.0314885638654232,0.016021130606532,0.3329614102840423,0.0230653136968612,NONE,NONE,NORMAL,False,False,NO_RULE_EVENT
14,110,139,2026-08-27 21:17:55.153000+00:00,2026-08-27 21:18:53.488000+00:00,SUDDEN_TURN,4,0.3797341287136078,SUDDEN_TURN,NONE|SUDDEN_TURN,0.1529689878225326,0.1285212188959121,0.1302429586648941,0.1204996183514595,0.3797341287136078,0.0880330651998519,SUDDEN_TURN,SUDDEN_TURN,SUDDEN_TURN,True,True,MATCH
14,120,149,2026-08-27 21:18:15.284000+00:00,2026-08-27 21:19:13.596000+00:00,SUDDEN_TURN,4,0.3569317162036896,SUDDEN_TURN,NONE|SUDDEN_TURN,0.1351431459188461,0.1478091925382614,0.1219629347324371,0.1442345678806305,0.3569317162036896,0.0939183831214904,SUDDEN_TURN,SUDDEN_TURN,SUDDEN_TURN,True,True,MATCH
14,130,159,2026-08-27 21:18:35.412000+00:00,2026-08-27 21:19:33.685000+00:00,SUDDEN_TURN,4,0.3612533807754516,SUDDEN_TURN,NONE|SUDDEN_TURN,0.1350158303976059,0.1401583850383758,0.1236332952976226,0.1508763879537582,0.3612533807754516,0.0890626981854438,SUDDEN_TURN,SUDDEN_TURN,SUDDEN_TURN,True,True,MATCH
15,0,29,2026-08-27 21:19:56.954000+00:00,2026-08-27 21:20:55.326000+00:00,NORMAL,0,0.6270247101783752,,NONE,0.6270247101783752,0.1568868160247802,0.0372473821043968,0.0201457794755697,0.1332976371049881,0.0253976136445999,NONE,NONE,NORMAL,False,False,NO_RULE_EVENT
15,10,39,2026-08-27 21:20:17.077000+00:00,2026-08-27 21:21:15.453000+00:00,NORMAL,0,0.4476784169673919,,NONE,0.4476784169673919,0.2147820442914962,0.0621520914137363,0.0317972972989082,0.2075821608304977,0.0360079705715179,NONE,NONE,NORMAL,False,False,NO_RULE_EVENT
15,20,49,2026-08-27 21:20:37.211000+00:00,2026-08-27 21:21:35.585000+00:00,NORMAL,0,0.4633572697639465,,NONE,0.4633572697639465,0.2147854715585708,0.0530861094594001,0.0264348089694976,0.2102742791175842,0.0320620872080326,NONE,NONE,NORMAL,False,False,NO_RULE_EVENT
15,30,59,2026-08-27 21:20:57.340000+00:00,2026-08-27 21:21:55.716000+00:00,NORMAL,0,0.431336760520935,,NONE,0.431336760520935,0.1925233602523803,0.0749560818076133,0.0436987690627574,0.2148694694042205,0.0426155030727386,NONE,NONE,NORMAL,False,False,NO_RULE_EVENT
15,40,69,2026-08-27 21:21:17.463000+00:00,2026-08-27 21:22:15.851000+00:00,NORMAL,0,0.6131035685539246,,NONE,0.6131035685539246,0.1832708716392517,0.0340632237493991,0.0167101919651031,0.1286227405071258,0.0242294818162918,NONE,NONE,NORMAL,False,False,NO_RULE_EVENT
15,50,79,2026-08-27 21:21:37.599000+00:00,2026-08-27 21:22:35.984000+00:00,NORMAL,0,0.4445533454418182,,NONE,0.4445533454418182,0.1671531200408935,0.0726173445582389,0.038715936243534,0.2367016673088073,0.0402585305273532,NONE,NONE,NORMAL,False,False,NO_RULE_EVENT
15,60,89,2026-08-27 21:21:57.731000+00:00,2026-08-27 21:22:56.117000+00:00,NORMAL,0,0.5533419847488403,,NONE,0.5533419847488403,0.1374378502368927,0.0434397049248218,0.0204350482672452,0.2224346101284027,0.0229107718914747,NONE,NONE,NORMAL,False,False,NO_RULE_EVENT
15,70,99,2026-08-27 21:22:17.865000+00:00,2026-08-27 21:23:16.248000+00:00,NORMAL,0,0.4896316230297088,,NONE,0.4896316230297088,0.1579975187778473,0.0464917495846748,0.0268104653805494,0.2495286166667938,0.0295399911701679,NONE,NONE,NORMAL,False,False,NO_RULE_EVENT
15,80,109,2026-08-27 21:22:37.996000+00:00,2026-08-27 21:23:36.379000+00:00,NORMAL,0,0.5632063150405884,,NONE,0.5632063150405884,0.1188404932618141,0.0534240379929542,0.0336459167301654,0.2000475823879242,0.0308357086032629,NONE,NONE,NORMAL,False,False,NO_RULE_EVENT
15,90,119,2026-08-27 21:22:58.129000+00:00,2026-08-27 21:23:56.514000+00:00,NORMAL,0,0.5771821141242981,,NONE,0.5771821141242981,0.1325317174196243,0.0541537553071975,0.0329847484827041,0.1724301725625991,0.0307174753397703,NONE,NONE,NORMAL,False,False,NO_RULE_EVENT
15,100,129,2026-08-27 21:23:18.261000+00:00,2026-08-27 21:24:16.646000+00:00,NORMAL,0,0.5097923874855042,,NONE,0.5097923874855042,0.165279746055603,0.0660509318113327,0.0387922674417495,0.1798401772975921,0.0402444303035736,NONE,NONE,NORMAL,False,False,NO_RULE_EVENT
15,110,139,2026-08-27 21:23:38.392000+00:00,2026-08-27 21:24:36.778000+00:00,NORMAL,0,0.569756031036377,,NONE,0.569756031036377,0.2014433294534683,0.0437431745231151,0.0202082730829715,0.1393346190452575,0.0255145505070686,NONE,NONE,NORMAL,False,False,NO_RULE_EVENT
15,120,149,2026-08-27 21:23:58.525000+00:00,2026-08-27 21:24:56.892000+00:00,NORMAL,0,0.5275068879127502,HIGH_SPEED,NONE|SPEED,0.5275068879127502,0.2770852446556091,0.0350661315023899,0.0138661600649356,0.1242847517132759,0.0221907794475555,HIGH_SPEED,HIGH_SPEED,NORMAL,True,False,MEDIUM_CONFIDENCE_MISMATCH
15,130,159,2026-08-27 21:24:18.659000+00:00,2026-08-27 21:25:17.023000+00:00,NORMAL,0,0.4100566804409027,HIGH_SPEED,NONE|SPEED,0.4100566804409027,0.2743197381496429,0.0518740750849247,0.019850293174386,0.2132861465215683,0.0306129939854145,HIGH_SPEED,HIGH_SPEED,NORMAL,True,False,LOW_CONFIDENCE_MISMATCH
15,140,169,2026-08-27 21:24:38.781000+00:00,2026-08-27 21:25:37.153000+00:00,NORMAL,0,0.5611383318901062,HIGH_SPEED,NONE|SPEED,0.5611383318901062,0.1573289483785629,0.0468300580978393,0.0204861313104629,0.1921705901622772,0.0220459960401058,HIGH_SPEED,HIGH_SPEED,NORMAL,True,False,MEDIUM_CONFIDENCE_MISMATCH
15,150,179,2026-08-27 21:24:58.905000+00:00,2026-08-27 21:25:57.292000+00:00,NORMAL,0,0.4968984127044678,,NONE,0.4968984127044678,0.2213183641433715,0.0553817078471183,0.0251894742250442,0.168535977602005,0.0326760374009609,NONE,NONE,NORMAL,False,False,NO_RULE_EVENT
15,160,189,2026-08-27 21:25:19.036000+00:00,2026-08-27 21:26:17.421000+00:00,NORMAL,0,0.3167864978313446,,NONE,0.3167864978313446,0.1138072833418846,0.1183141842484474,0.0778334513306617,0.3104961812496185,0.0627623349428176,NONE,NONE,NORMAL,False,False,NO_RULE_EVENT
15,170,199,2026-08-27 21:25:39.171000+00:00,2026-08-27 21:26:37.540000+00:00,NORMAL,0,0.6137028336524963,,NONE,0.6137028336524963,0.1355999559164047,0.0324376411736011,0.017148345708847,0.181203007698059,0.0199081916362047,NONE,NONE,NORMAL,False,False,NO_RULE_EVENT
15,180,209,2026-08-27 21:25:59.303000+00:00,2026-08-27 21:26:57.678000+00:00,NORMAL,0,0.3041162192821502,,NONE,0.3041162192821502,0.1344468742609024,0.1214265301823616,0.1028097420930862,0.2385053038597107,0.0986953452229499,NONE,NONE,NORMAL,False,False,NO_RULE_EVENT
15,190,219,2026-08-27 21:26:19.434000+00:00,2026-08-27 21:27:17.802000+00:00,NORMAL,0,0.4475909471511841,,NONE,0.4475909471511841,0.1098799407482147,0.0782783851027488,0.0574934147298336,0.2593132257461548,0.0474440529942512,NONE,NONE,NORMAL,False,False,NO_RULE_EVENT
15,200,229,2026-08-27 21:26:39.553000+00:00,2026-08-27 21:27:37.936000+00:00,NORMAL,0,0.5158275961875916,,NONE,0.5158275961875916,0.0734742507338523,0.0704455375671386,0.0441639311611652,0.2594019770622253,0.0366866663098335,NONE,NONE,NORMAL,False,False,NO_RULE_EVENT
15,210,239,2026-08-27 21:26:59.685000+00:00,2026-08-27 21:27:58.073000+00:00,NORMAL,0,0.4306988716125488,,NONE,0.4306988716125488,0.0813951268792152,0.0939933136105537,0.0734408795833587,0.2653756439685821,0.0550961159169673,NONE,NONE,NORMAL,False,False,NO_RULE_EVENT
15,220,249,2026-08-27 21:27:19.816000+00:00,2026-08-27 21:28:18.204000+00:00,NORMAL,0,0.417550265789032,,NONE,0.417550265789032,0.1016021743416786,0.082550399005413,0.0527289360761642,0.3024623394012451,0.0431058965623378,NONE,NONE,NORMAL,False,False,NO_RULE_EVENT
15,230,259,2026-08-27 21:27:39.949000+00:00,2026-08-27 21:28:38.336000+00:00,NORMAL,0,0.5113620162010193,,NONE,0.5113620162010193,0.0885001942515373,0.0695874914526939,0.0491281487047672,0.2402877062559127,0.041134338825941,NONE,NONE,NORMAL,False,False,NO_RULE_EVENT
15,240,269,2026-08-27 21:28:00.089000+00:00,2026-08-27 21:28:58.474000+00:00,NORMAL,0,0.4812862277030945,,NONE,0.4812862277030945,0.0811283215880394,0.079706847667694,0.0538197718560695,0.2595023810863495,0.0445564873516559,NONE,NONE,NORMAL,False,False,NO_RULE_EVENT
15,250,279,2026-08-27 21:28:20.218000+00:00,2026-08-27 21:29:18.604000+00:00,NORMAL,0,0.485224962234497,,NONE,0.485224962234497,0.0872213095426559,0.0804926976561546,0.0611945465207099,0.2358659654855728,0.0500004701316356,NONE,NONE,NORMAL,False,False,NO_RULE_EVENT
15,260,289,2026-08-27 21:28:40.351000+00:00,2026-08-27 21:29:38.723000+00:00,SUDDEN_TURN,4,0.353142112493515,,NONE,0.2994752526283264,0.1301674842834472,0.0966955572366714,0.0667241588234901,0.353142112493515,0.0537954196333885,NONE,NONE,SUDDEN_TURN,False,False,NO_RULE_EVENT
