rideId,windowStart,windowEnd,startTimestamp,endTimestamp,predictedBehavior,predictedBehaviorId,confidence,ruleEvents,existingEventType,prob_NORMAL,prob_HIGH_SPEED,prob_HARD_ACCELERATION,prob_HARD_BRAKING,prob_SUDDEN_TURN,prob_MULTI_EVENT,rulePrimaryBehavior
4,0,29,2026-08-26 17:01:44.906000+00:00,2026-08-26 17:02:43.274000+00:00,NORMAL,0,0.6361221671104431,,NONE,0.6361221671104431,0.07051257789134979,0.05057300999760628,0.03989637270569801,0.1695566177368164,0.03333931416273117,NONE
4,10,39,2026-08-26 17:02:05.043000+00:00,2026-08-26 17:03:03.398000+00:00,NORMAL,0,0.5195640921592712,,NONE,0.5195640921592712,0.0713639110326767,0.07778092473745346,0.06702873110771179,0.21991831064224243,0.04434401914477348,NONE
4,20,49,2026-08-26 17:02:25.156000+00:00,2026-08-26 17:03:23.524000+00:00,NORMAL,0,0.5643010139465332,,NONE,0.5643010139465332,0.07292573899030685,0.06826287508010864,0.05576058104634285,0.19389337301254272,0.04485642910003662,NONE
4,30,59,2026-08-26 17:02:45.288000+00:00,2026-08-26 17:03:43.663000+00:00,NORMAL,0,0.6697006225585938,,NONE,0.6697006225585938,0.07220248878002167,0.0308060385286808,0.019581498578190804,0.18883055448532104,0.01887873187661171,NONE
4,40,69,2026-08-26 17:03:05.421000+00:00,2026-08-26 17:04:03.792000+00:00,NORMAL,0,0.6872225999832153,,NONE,0.6872225999832153,0.07011524587869644,0.0387367382645607,0.029108427464962006,0.14932279288768768,0.02549421414732933,NONE
4,50,79,2026-08-26 17:03:25.538000+00:00,2026-08-26 17:04:23.935000+00:00,NORMAL,0,0.5792168378829956,,NONE,0.5792168378829956,0.07838659733533859,0.05356645584106445,0.0388803631067276,0.2170480191707611,0.03290174528956413,NONE
4,60,89,2026-08-26 17:03:45.678000+00:00,2026-08-26 17:04:44.046000+00:00,NORMAL,0,0.31865525245666504,,NONE,0.31865525245666504,0.13968680799007416,0.11802052706480026,0.07689998298883438,0.28387677669525146,0.0628606379032135,NONE
4,70,99,2026-08-26 17:04:05.806000+00:00,2026-08-26 17:05:04.153000+00:00,SUDDEN_TURN,4,0.2569296061992645,,NONE,0.18262866139411926,0.10344524681568146,0.16349568963050842,0.1769653856754303,0.2569296061992645,0.11653536558151245,NONE
4,80,109,2026-08-26 17:04:25.947000+00:00,2026-08-26 17:05:37.654000+00:00,NORMAL,0,0.3959663212299347,,NONE,0.3959663212299347,0.10667185485363007,0.0926196426153183,0.06353313475847244,0.2791057825088501,0.06210320442914963,NONE
4,90,119,2026-08-26 17:04:46.052000+00:00,2026-08-26 17:05:57.784000+00:00,NORMAL,0,0.48101332783699036,,NONE,0.48101332783699036,0.0746157169342041,0.07010070979595184,0.05285986512899399,0.28361549973487854,0.03779488429427147,NONE
4,100,129,2026-08-26 17:05:06.167000+00:00,2026-08-26 17:06:17.919000+00:00,NORMAL,0,0.48899656534194946,,NONE,0.48899656534194946,0.07976802438497543,0.07224851846694946,0.0718492716550827,0.2331363707780838,0.05400131642818451,NONE
4,110,139,2026-08-26 17:05:39.667000+00:00,2026-08-26 17:06:38.032000+00:00,SUDDEN_TURN,4,0.269638329744339,,NONE,0.22693169116973877,0.12793758511543274,0.12696519494056702,0.14340056478977203,0.269638329744339,0.10512659698724747,NONE
4,120,149,2026-08-26 17:05:59.802000+00:00,2026-08-26 17:06:58.169000+00:00,NORMAL,0,0.5781239867210388,,NONE,0.5781239867210388,0.07808103412389755,0.05779680609703064,0.04741986468434334,0.20196184515953064,0.036616452038288116,NONE
4,130,159,2026-08-26 17:06:19.931000+00:00,2026-08-26 17:07:18.293000+00:00,NORMAL,0,0.45105883479118347,,NONE,0.45105883479118347,0.0912865698337555,0.06463975459337234,0.04546940699219704,0.311864972114563,0.03568044677376747,NONE
4,140,169,2026-08-26 17:06:40.045000+00:00,2026-08-26 17:07:38.425000+00:00,NORMAL,0,0.612393856048584,,NONE,0.612393856048584,0.07891297340393066,0.053097352385520935,0.051534321159124374,0.16807304322719574,0.03598834201693535,NONE
4,150,179,2026-08-26 17:07:00.175000+00:00,2026-08-26 17:07:58.551000+00:00,NORMAL,0,0.5892472863197327,,NONE,0.5892472863197327,0.0885007306933403,0.048113398253917694,0.035121895372867584,0.20500728487968445,0.0340094119310379,NONE
4,160,189,2026-08-26 17:07:20.306000+00:00,2026-08-26 17:08:18.679000+00:00,NORMAL,0,0.5641196966171265,,NONE,0.5641196966171265,0.07350075244903564,0.06193320453166962,0.05410144478082657,0.20635518431663513,0.03998973220586777,NONE
4,170,199,2026-08-26 17:07:40.436000+00:00,2026-08-26 17:08:38.809000+00:00,NORMAL,0,0.5579283833503723,,NONE,0.5579283833503723,0.07653740793466568,0.05741451308131218,0.039574552327394485,0.23972128331661224,0.028823861852288246,NONE
4,180,209,2026-08-26 17:08:00.563000+00:00,2026-08-26 17:08:58.941000+00:00,NORMAL,0,0.6451241970062256,,NONE,0.6451241970062256,0.07357417047023773,0.039793018251657486,0.028073230758309364,0.18770503997802734,0.02573028765618801,NONE
4,190,219,2026-08-26 17:08:20.693000+00:00,2026-08-26 17:09:19.085000+00:00,NORMAL,0,0.6030992865562439,,NONE,0.6030992865562439,0.07972969859838486,0.058525506407022476,0.04908725619316101,0.17100539803504944,0.03855287656188011,NONE
4,200,229,2026-08-26 17:08:40.822000+00:00,2026-08-26 17:09:39.206000+00:00,NORMAL,0,0.3989115357398987,,NONE,0.3989115357398987,0.12249013781547546,0.06229112297296524,0.035280656069517136,0.3481932282447815,0.032833281904459,NONE
4,210,239,2026-08-26 17:09:00.954000+00:00,2026-08-26 17:09:59.335000+00:00,NORMAL,0,0.5506623983383179,,NONE,0.5506623983383179,0.09476179629564285,0.049666039645671844,0.03244035691022873,0.24306495487689972,0.029404373839497566,NONE
4,220,249,2026-08-26 17:09:21.089000+00:00,2026-08-26 17:10:19.468000+00:00,NORMAL,0,0.4600919485092163,,NONE,0.4600919485092163,0.11461211740970612,0.06304172426462173,0.041558463126420975,0.28662049770355225,0.03407525643706322,NONE
4,230,259,2026-08-26 17:09:41.217000+00:00,2026-08-26 17:10:39.599000+00:00,NORMAL,0,0.472061425447464,,NONE,0.472061425447464,0.08789964020252228,0.07347417622804642,0.05361569672822952,0.27300766110420227,0.0399414598941803,NONE
4,240,269,2026-08-26 17:10:01.353000+00:00,2026-08-26 17:10:59.733000+00:00,NORMAL,0,0.4621434509754181,,NONE,0.4621434509754181,0.09813745319843292,0.07599000632762909,0.0524253249168396,0.2673017978668213,0.04400200396776199,NONE
4,250,279,2026-08-26 17:10:21.482000+00:00,2026-08-26 17:11:19.863000+00:00,NORMAL,0,0.4917815327644348,,NONE,0.4917815327644348,0.08193647116422653,0.07406660914421082,0.05255190283060074,0.25618961453437805,0.04347381740808487,NONE
4,260,289,2026-08-26 17:10:41.617000+00:00,2026-08-26 17:11:39.996000+00:00,SUDDEN_TURN,4,0.2788444757461548,,NONE,0.26873502135276794,0.16451169550418854,0.12715721130371094,0.08804093301296234,0.2788444757461548,0.07271059602499008,NONE
7,0,29,2026-08-26 18:12:47.949000+00:00,2026-08-26 18:13:48.268000+00:00,HARD_BRAKING,3,0.24547691643238068,HARD_ACCELERATION|HARD_BRAKING|SUDDEN_TURN,SUDDEN_TURN|HARD_ACCELERATION|HARD_BRAKING|NONE,0.20675869286060333,0.06530063599348068,0.2226458191871643,0.24547691643238068,0.17354431748390198,0.08627357333898544,MULTI_EVENT
7,10,39,2026-08-26 18:13:10.062000+00:00,2026-08-26 18:14:08.403000+00:00,NORMAL,0,0.23234489560127258,SUDDEN_TURN,NONE|SUDDEN_TURN,0.23234489560127258,0.07659882307052612,0.21352386474609375,0.21831445395946503,0.165064737200737,0.09415320307016373,SUDDEN_TURN
7,20,49,2026-08-26 18:13:30.146000+00:00,2026-08-26 18:14:28.535000+00:00,HARD_ACCELERATION,2,0.2345181405544281,,NONE,0.22846630215644836,0.0756758376955986,0.2345181405544281,0.20902250707149506,0.15729746222496033,0.09501975029706955,NONE
7,30,59,2026-08-26 18:13:50.281000+00:00,2026-08-26 18:14:48.670000+00:00,NORMAL,0,0.3431841731071472,,NONE,0.3431841731071472,0.06971460580825806,0.1819031685590744,0.1650475710630417,0.17074455320835114,0.0694059208035469,NONE
7,40,69,2026-08-26 18:14:10.415000+00:00,2026-08-26 18:15:08.805000+00:00,NORMAL,0,0.31023678183555603,,NONE,0.31023678183555603,0.07584413886070251,0.19900807738304138,0.1869097501039505,0.15261071920394897,0.07539048790931702,NONE
7,50,79,2026-08-26 18:14:30.550000+00:00,2026-08-26 18:15:28.961000+00:00,NORMAL,0,0.26830196380615234,,NONE,0.26830196380615234,0.07265852391719818,0.2135353684425354,0.19922688603401184,0.16252325475215912,0.0837540552020073,NONE
7,60,89,2026-08-26 18:14:50.684000+00:00,2026-08-26 18:15:49.080000+00:00,NORMAL,0,0.2848374545574188,,NONE,0.2848374545574188,0.07676810771226883,0.21201467514038086,0.18863177299499512,0.1575237661600113,0.0802241787314415,NONE
7,70,99,2026-08-26 18:15:10.818000+00:00,2026-08-26 18:16:09.210000+00:00,NORMAL,0,0.2984791100025177,,NONE,0.2984791100025177,0.07643536478281021,0.20985731482505798,0.18573758006095886,0.15281841158866882,0.07667221873998642,NONE
7,80,109,2026-08-26 18:15:30.957000+00:00,2026-08-26 18:16:29.348000+00:00,NORMAL,0,0.37528160214424133,,NONE,0.37528160214424133,0.06854227930307388,0.1708780825138092,0.16803598403930664,0.14976297318935394,0.06749903410673141,NONE
7,90,119,2026-08-26 18:15:51.094000+00:00,2026-08-26 18:16:49.485000+00:00,NORMAL,0,0.30207377672195435,,NONE,0.30207377672195435,0.08151225745677948,0.18913808465003967,0.19594751298427582,0.14842548966407776,0.08290291577577591,NONE
7,100,129,2026-08-26 18:16:11.223000+00:00,2026-08-26 18:17:09.622000+00:00,HARD_BRAKING,3,0.25580164790153503,,NONE,0.21339969336986542,0.07432188093662262,0.1904360055923462,0.25580164790153503,0.1759081482887268,0.09013264626264572,NONE
7,110,139,2026-08-26 18:16:31.360000+00:00,2026-08-26 18:17:29.757000+00:00,NORMAL,0,0.2578497529029846,,NONE,0.2578497529029846,0.08619201928377151,0.20583578944206238,0.1955559104681015,0.16171905398368835,0.09284744411706924,NONE
7,120,149,2026-08-26 18:16:51.499000+00:00,2026-08-26 18:17:49.894000+00:00,NORMAL,0,0.2997896075248718,,NONE,0.2997896075248718,0.06541234999895096,0.2116132378578186,0.18454866111278534,0.15766988694667816,0.08096621185541153,NONE
7,130,159,2026-08-26 18:17:11.634000+00:00,2026-08-26 18:18:10.030000+00:00,NORMAL,0,0.2656182050704956,,NONE,0.2656182050704956,0.08913065493106842,0.20326444506645203,0.1994987428188324,0.15628331899642944,0.08620456606149673,NONE
7,140,169,2026-08-26 18:17:31.771000+00:00,2026-08-26 18:18:30.170000+00:00,NORMAL,0,0.3184751868247986,,NONE,0.3184751868247986,0.08456411212682724,0.18665270507335663,0.16395336389541626,0.17033803462982178,0.07601659744977951,NONE
7,150,179,2026-08-26 18:17:51.908000+00:00,2026-08-26 18:18:50.307000+00:00,NORMAL,0,0.2628691494464874,,NONE,0.2628691494464874,0.0909469947218895,0.19074174761772156,0.2123378962278366,0.15058845281600952,0.09251578897237778,NONE
7,160,189,2026-08-26 18:18:12.046000+00:00,2026-08-26 18:19:10.444000+00:00,NORMAL,0,0.33017590641975403,,NONE,0.33017590641975403,0.09790895134210587,0.15284550189971924,0.13893389701843262,0.20008891820907593,0.08004682511091232,NONE
7,170,199,2026-08-26 18:18:32.186000+00:00,2026-08-26 18:19:30.582000+00:00,NORMAL,0,0.2898807227611542,,NONE,0.2898807227611542,0.11015515774488449,0.1669522076845169,0.15047651529312134,0.19655606150627136,0.0859793871641159,NONE
7,180,209,2026-08-26 18:18:52.331000+00:00,2026-08-26 18:19:50.717000+00:00,HARD_ACCELERATION,2,0.23161444067955017,,NONE,0.22258348762989044,0.08862974494695663,0.23161444067955017,0.20229168236255646,0.15504471957683563,0.09983596950769424,NONE
7,190,219,2026-08-26 18:19:12.456000+00:00,2026-08-26 18:20:10.855000+00:00,NORMAL,0,0.2764442563056946,,NONE,0.2764442563056946,0.07307946681976318,0.22717048227787018,0.1818769872188568,0.16033430397510529,0.08109454810619354,NONE
7,200,229,2026-08-26 18:19:32.595000+00:00,2026-08-26 18:20:30.992000+00:00,NORMAL,0,0.239009827375412,,NONE,0.239009827375412,0.07187803834676743,0.2366316020488739,0.19826188683509827,0.16388912498950958,0.09032952785491943,NONE
7,210,239,2026-08-26 18:19:52.730000+00:00,2026-08-26 18:20:51.122000+00:00,NORMAL,0,0.26692670583724976,,NONE,0.26692670583724976,0.06667225062847137,0.22813838720321655,0.1936018019914627,0.16389401257038116,0.08076685667037964,NONE
7,220,249,2026-08-26 18:20:12.869000+00:00,2026-08-26 18:21:11.233000+00:00,SUDDEN_TURN,4,0.35554298758506775,SUDDEN_TURN,NONE|SUDDEN_TURN,0.23631338775157928,0.1032584011554718,0.14642532169818878,0.0879102349281311,0.35554298758506775,0.07054968923330307,SUDDEN_TURN
10,0,29,2026-08-27 20:47:16.930000+00:00,2026-08-27 20:48:15.289000+00:00,NORMAL,0,0.32232728600502014,SUDDEN_TURN,SUDDEN_TURN|NONE,0.32232728600502014,0.08817705512046814,0.09715244919061661,0.12293748557567596,0.2918890118598938,0.07751673460006714,SUDDEN_TURN
10,10,39,2026-08-27 20:47:37.042000+00:00,2026-08-27 20:48:35.429000+00:00,NORMAL,0,0.327480673789978,,NONE,0.327480673789978,0.08940065652132034,0.10734278708696365,0.10347037017345428,0.29645267128944397,0.07585284113883972,NONE
10,20,49,2026-08-27 20:47:57.163000+00:00,2026-08-27 20:48:55.540000+00:00,SUDDEN_TURN,4,0.3055278956890106,,NONE,0.3033517599105835,0.1086307018995285,0.1179610937833786,0.08987022936344147,0.3055278956890106,0.07465837895870209,NONE
10,30,59,2026-08-27 20:48:17.305000+00:00,2026-08-27 20:49:15.670000+00:00,NORMAL,0,0.4705857038497925,,NONE,0.4705857038497925,0.07328492403030396,0.09323816746473312,0.07151748985052109,0.2335839569568634,0.057789742946624756,NONE
10,40,69,2026-08-27 20:48:37.449000+00:00,2026-08-27 20:49:35.791000+00:00,NORMAL,0,0.6272660493850708,,NONE,0.6272660493850708,0.13158154487609863,0.051649920642375946,0.0384705513715744,0.1100640520453453,0.04096782207489014,NONE
10,50,79,2026-08-27 20:48:57.556000+00:00,2026-08-27 20:49:55.930000+00:00,NORMAL,0,0.5367858409881592,,NONE,0.5367858409881592,0.19484668970108032,0.04467904567718506,0.020326048135757446,0.1775490790605545,0.025813298299908638,NONE
10,60,89,2026-08-27 20:49:17.682000+00:00,2026-08-27 20:50:16.060000+00:00,NORMAL,0,0.46049949526786804,,NONE,0.46049949526786804,0.24877876043319702,0.062485385686159134,0.028262868523597717,0.15964853763580322,0.04032493010163307,NONE
10,70,99,2026-08-27 20:49:37.805000+00:00,2026-08-27 20:50:36.200000+00:00,NORMAL,0,0.3732920289039612,HIGH_SPEED,NONE|SPEED,0.3732920289039612,0.28980153799057007,0.06888232380151749,0.028688795864582062,0.2003909796476364,0.03894433379173279,HIGH_SPEED
10,80,109,2026-08-27 20:49:57.945000+00:00,2026-08-27 20:50:56.342000+00:00,NORMAL,0,0.4023624360561371,HIGH_SPEED,NONE|SPEED,0.4023624360561371,0.3242695927619934,0.04454192891716957,0.017209714278578758,0.18226706981658936,0.029349377378821373,HIGH_SPEED
10,90,119,2026-08-27 20:50:18.076000+00:00,2026-08-27 20:51:16.474000+00:00,NORMAL,0,0.4229927062988281,HIGH_SPEED,NONE|SPEED,0.4229927062988281,0.1868061125278473,0.084393210709095,0.0494234599173069,0.20632638037204742,0.05005812644958496,HIGH_SPEED
10,100,129,2026-08-27 20:50:38.214000+00:00,2026-08-27 20:51:36.617000+00:00,NORMAL,0,0.464422345161438,,NONE,0.464422345161438,0.2752329707145691,0.04192771390080452,0.017105266451835632,0.1722695678472519,0.029042094945907593,NONE
10,110,139,2026-08-27 20:50:58.352000+00:00,2026-08-27 20:51:56.747000+00:00,NORMAL,0,0.3814821243286133,,NONE,0.3814821243286133,0.2109227478504181,0.05658822879195213,0.022958513349294662,0.2993239462375641,0.028724439442157745,NONE
10,120,149,2026-08-27 20:51:18.490000+00:00,2026-08-27 20:52:16.883000+00:00,NORMAL,0,0.5998830199241638,,NONE,0.5998830199241638,0.14622266590595245,0.03671872243285179,0.01962081901729107,0.1730712652206421,0.02448347955942154,NONE
10,130,159,2026-08-27 20:51:38.625000+00:00,2026-08-27 20:52:37.035000+00:00,SUDDEN_TURN,4,0.33368003368377686,SUDDEN_TURN,NONE|SUDDEN_TURN,0.19884978234767914,0.2536300718784332,0.08376289904117584,0.0497639961540699,0.33368003368377686,0.08031315356492996,SUDDEN_TURN
10,140,169,2026-08-27 20:51:58.761000+00:00,2026-08-27 20:52:57.171000+00:00,NORMAL,0,0.5331823229789734,SUDDEN_TURN,NONE|SUDDEN_TURN,0.5331823229789734,0.0908014252781868,0.06316065788269043,0.04557337239384651,0.22940242290496826,0.03787974640727043,SUDDEN_TURN
10,150,179,2026-08-27 20:52:18.915000+00:00,2026-08-27 20:53:17.305000+00:00,NORMAL,0,0.5145775079727173,SUDDEN_TURN,NONE|SUDDEN_TURN,0.5145775079727173,0.07121648639440536,0.0803079754114151,0.06385394185781479,0.23049111664295197,0.03955293446779251,SUDDEN_TURN
10,160,189,2026-08-27 20:52:39.048000+00:00,2026-08-27 20:53:37.443000+00:00,NORMAL,0,0.6409153938293457,,NONE,0.6409153938293457,0.15953323245048523,0.036120712757110596,0.018908537924289703,0.11950711905956268,0.02501501888036728,NONE
10,170,199,2026-08-27 20:52:59.187000+00:00,2026-08-27 20:53:57.581000+00:00,SUDDEN_TURN,4,0.3525456190109253,,NONE,0.3006746172904968,0.23334859311580658,0.05342935398221016,0.023902010172605515,0.3525456190109253,0.03609979525208473,NONE
11,0,29,2026-08-27 20:54:23.258000+00:00,2026-08-27 20:55:21.658000+00:00,NORMAL,0,0.5652583241462708,,NONE,0.5652583241462708,0.08936911821365356,0.05791916325688362,0.04200049862265587,0.21406741440296173,0.03138555958867073,NONE
11,10,39,2026-08-27 20:54:43.397000+00:00,2026-08-27 20:55:41.794000+00:00,NORMAL,0,0.6771873235702515,,NONE,0.6771873235702515,0.12062007188796997,0.03332992643117905,0.018758732825517654,0.12970644235610962,0.020397504791617393,NONE
11,20,49,2026-08-27 20:55:03.534000+00:00,2026-08-27 20:56:01.934000+00:00,NORMAL,0,0.5489354133605957,,NONE,0.5489354133605957,0.1782858520746231,0.04492820426821709,0.02373802289366722,0.17569087445735931,0.028421644121408463,NONE
11,30,59,2026-08-27 20:55:23.672000+00:00,2026-08-27 20:56:22.072000+00:00,NORMAL,0,0.6103534698486328,,NONE,0.6103534698486328,0.153870090842247,0.04215709865093231,0.024481823667883873,0.14285846054553986,0.026279056444764137,NONE
11,40,69,2026-08-27 20:55:43.813000+00:00,2026-08-27 20:56:42.208000+00:00,NORMAL,0,0.5081257820129395,,NONE,0.5081257820129395,0.16914069652557373,0.048275768756866455,0.02678493782877922,0.2178497463464737,0.029823116958141327,NONE
11,50,79,2026-08-27 20:56:03.951000+00:00,2026-08-27 20:57:02.347000+00:00,NORMAL,0,0.651106059551239,,NONE,0.651106059551239,0.09665326774120331,0.03233901783823967,0.01843658834695816,0.18299899995326996,0.0184660442173481,NONE
11,60,89,2026-08-27 20:56:24.088000+00:00,2026-08-27 20:57:22.486000+00:00,NORMAL,0,0.5784029364585876,,NONE,0.5784029364585876,0.12142689526081085,0.04028322547674179,0.02453674003481865,0.21262957155704498,0.022720593959093094,NONE
11,70,99,2026-08-27 20:56:44.222000+00:00,2026-08-27 20:57:42.604000+00:00,NORMAL,0,0.6450068950653076,,NONE,0.6450068950653076,0.10119928419589996,0.037852611392736435,0.025607969611883163,0.16594913601875305,0.024384183809161186,NONE
11,80,109,2026-08-27 20:57:04.364000+00:00,2026-08-27 20:58:02.726000+00:00,NORMAL,0,0.6656181216239929,,NONE,0.6656181216239929,0.08999381959438324,0.035077329725027084,0.023051414638757706,0.1629878133535385,0.023271508514881134,NONE
11,90,119,2026-08-27 20:57:24.490000+00:00,2026-08-27 20:58:22.826000+00:00,NORMAL,0,0.32529792189598083,,NONE,0.32529792189598083,0.1311120092868805,0.11104346811771393,0.08140750229358673,0.2829543352127075,0.06818472594022751,NONE
11,100,129,2026-08-27 20:57:44.622000+00:00,2026-08-27 20:58:42.961000+00:00,NORMAL,0,0.692236065864563,,NONE,0.692236065864563,0.10779476165771484,0.031125249341130257,0.018206464126706123,0.1304510235786438,0.020186372101306915,NONE
11,110,139,2026-08-27 20:58:04.744000+00:00,2026-08-27 20:59:03.096000+00:00,NORMAL,0,0.5652664303779602,,NONE,0.5652664303779602,0.12342294305562973,0.05799908936023712,0.04012603312730789,0.17927999794483185,0.033905524760484695,NONE
11,120,149,2026-08-27 20:58:24.843000+00:00,2026-08-27 20:59:23.231000+00:00,NORMAL,0,0.514765202999115,,NONE,0.514765202999115,0.15305905044078827,0.05327297002077103,0.030318982899188995,0.21969826519489288,0.02888552099466324,NONE
11,130,159,2026-08-27 20:58:44.974000+00:00,2026-08-27 20:59:43.367000+00:00,NORMAL,0,0.5788866281509399,,NONE,0.5788866281509399,0.13782544434070587,0.040907081216573715,0.022962240502238274,0.1939467340707779,0.025471871718764305,NONE
12,0,29,2026-08-27 21:00:04.424000+00:00,2026-08-27 21:01:02.807000+00:00,NORMAL,0,0.5020843148231506,SUDDEN_TURN,SUDDEN_TURN|NONE,0.5020843148231506,0.23137657344341278,0.04492483660578728,0.01954074762761593,0.17374996840953827,0.028323456645011902,SUDDEN_TURN
12,10,39,2026-08-27 21:00:24.552000+00:00,2026-08-27 21:01:22.943000+00:00,NORMAL,0,0.41739824414253235,,NONE,0.41739824414253235,0.18589827418327332,0.04668305069208145,0.02329721488058567,0.29866620898246765,0.02805689163506031,NONE
12,20,49,2026-08-27 21:00:44.685000+00:00,2026-08-27 21:01:43.084000+00:00,NORMAL,0,0.5903703570365906,,NONE,0.5903703570365906,0.08798801153898239,0.05993804335594177,0.04545183107256889,0.18089380860328674,0.035358041524887085,NONE
12,30,59,2026-08-27 21:01:04.821000+00:00,2026-08-27 21:02:03.220000+00:00,NORMAL,0,0.568385124206543,,NONE,0.568385124206543,0.1347445696592331,0.05385643243789673,0.035184212028980255,0.17528913915157318,0.03254055604338646,NONE
12,40,69,2026-08-27 21:01:24.957000+00:00,2026-08-27 21:02:23.351000+00:00,NORMAL,0,0.5149722695350647,,NONE,0.5149722695350647,0.1306951493024826,0.07615628093481064,0.05672560632228851,0.17104773223400116,0.050402965396642685,NONE
12,50,79,2026-08-27 21:01:45.093000+00:00,2026-08-27 21:02:43.489000+00:00,NORMAL,0,0.42871421575546265,,NONE,0.42871421575546265,0.15904416143894196,0.05544857308268547,0.028107687830924988,0.29872629046440125,0.02995905838906765,NONE
12,60,89,2026-08-27 21:02:05.229000+00:00,2026-08-27 21:03:03.623000+00:00,NORMAL,0,0.6033360958099365,,NONE,0.6033360958099365,0.16138499975204468,0.048802390694618225,0.031698569655418396,0.12260343134403229,0.03217446804046631,NONE
12,70,99,2026-08-27 21:02:25.367000+00:00,2026-08-27 21:03:23.756000+00:00,SUDDEN_TURN,4,0.32996323704719543,,NONE,0.2603476643562317,0.2021241933107376,0.09441980719566345,0.055380929261446,0.32996323704719543,0.057764098048210144,NONE
12,80,109,2026-08-27 21:02:45.502000+00:00,2026-08-27 21:03:43.875000+00:00,NORMAL,0,0.5090819001197815,SUDDEN_TURN,NONE|SUDDEN_TURN,0.5090819001197815,0.18817056715488434,0.06255225092172623,0.0369521901011467,0.16579017043113708,0.03745293617248535,SUDDEN_TURN
12,90,119,2026-08-27 21:03:05.640000+00:00,2026-08-27 21:04:06.024000+00:00,NORMAL,0,0.440336138010025,SUDDEN_TURN,NONE|SUDDEN_TURN,0.440336138010025,0.16428686678409576,0.042628198862075806,0.023502474650740623,0.30321353673934937,0.0260327085852623,SUDDEN_TURN
12,100,129,2026-08-27 21:03:25.765000+00:00,2026-08-27 21:04:26.157000+00:00,NORMAL,0,0.4273180365562439,SUDDEN_TURN,NONE|SUDDEN_TURN,0.4273180365562439,0.08909814059734344,0.1021157056093216,0.09811610728502274,0.22463558614253998,0.05871640145778656,SUDDEN_TURN
12,110,139,2026-08-27 21:03:45.888000+00:00,2026-08-27 21:04:46.295000+00:00,NORMAL,0,0.4185228645801544,,NONE,0.4185228645801544,0.1341811567544937,0.07031635195016861,0.05863591656088829,0.26295197010040283,0.05539178103208542,NONE
12,120,149,2026-08-27 21:04:08.038000+00:00,2026-08-27 21:05:06.421000+00:00,NORMAL,0,0.6780995726585388,,NONE,0.6780995726585388,0.08199211210012436,0.025682983919978142,0.017046282067894936,0.17733308672904968,0.019845984876155853,NONE
12,130,159,2026-08-27 21:04:28.171000+00:00,2026-08-27 21:05:26.555000+00:00,NORMAL,0,0.7137035727500916,,NONE,0.7137035727500916,0.07664679735898972,0.037341877818107605,0.03377450257539749,0.11114828288555145,0.02738487347960472,NONE
12,140,169,2026-08-27 21:04:48.302000+00:00,2026-08-27 21:05:46.689000+00:00,NORMAL,0,0.4859890937805176,,NONE,0.4859890937805176,0.11806055158376694,0.0549023263156414,0.03110097162425518,0.28083986043930054,0.02910720743238926,NONE
12,150,179,2026-08-27 21:05:08.435000+00:00,2026-08-27 21:06:06.821000+00:00,NORMAL,0,0.6819023489952087,,NONE,0.6819023489952087,0.1178729385137558,0.03472299501299858,0.020335542038083076,0.12394927442073822,0.021216899156570435,NONE
12,160,189,2026-08-27 21:05:28.569000+00:00,2026-08-27 21:06:26.952000+00:00,NORMAL,0,0.5762955546379089,,NONE,0.5762955546379089,0.2257794588804245,0.03898657485842705,0.01901315525174141,0.11368513107299805,0.026240145787596703,NONE
12,170,199,2026-08-27 21:05:48.711000+00:00,2026-08-27 21:06:47.083000+00:00,NORMAL,0,0.3729570508003235,,NONE,0.3729570508003235,0.27634739875793457,0.04647243395447731,0.019315743818879128,0.2539437711238861,0.030963636934757233,NONE
12,180,209,2026-08-27 21:06:08.834000+00:00,2026-08-27 21:07:07.218000+00:00,NORMAL,0,0.5315031409263611,,NONE,0.5315031409263611,0.1411784291267395,0.04253455623984337,0.02306324616074562,0.23576319217681885,0.025957364588975906,NONE
12,190,219,2026-08-27 21:06:28.970000+00:00,2026-08-27 21:07:27.348000+00:00,NORMAL,0,0.6287484765052795,,NONE,0.6287484765052795,0.11906597763299942,0.04786708578467369,0.03401928022503853,0.13720455765724182,0.033094581216573715,NONE
12,200,229,2026-08-27 21:06:49.097000+00:00,2026-08-27 21:07:47.480000+00:00,NORMAL,0,0.5623366236686707,,NONE,0.5623366236686707,0.13826897740364075,0.042233243584632874,0.024393348023295403,0.20308049023151398,0.029687264934182167,NONE
12,210,239,2026-08-27 21:07:09.231000+00:00,2026-08-27 21:08:07.616000+00:00,NORMAL,0,0.6343845725059509,,NONE,0.6343845725059509,0.13348090648651123,0.041313547641038895,0.02528812736272812,0.14002090692520142,0.025511907413601875,NONE
12,220,249,2026-08-27 21:07:29.362000+00:00,2026-08-27 21:08:27.746000+00:00,NORMAL,0,0.5078245997428894,,NONE,0.5078245997428894,0.1487259715795517,0.06172867491841316,0.03385523706674576,0.21276754140853882,0.03509796783328056,NONE
12,230,259,2026-08-27 21:07:49.494000+00:00,NaT,SUDDEN_TURN,4,0.5888915657997131,SUDDEN_TURN,NONE|SUDDEN_TURN,0.22886647284030914,0.08653959631919861,0.05143328383564949,0.021756688132882118,0.5888915657997131,0.02251245081424713,SUDDEN_TURN
13,0,29,2026-08-27 21:08:49.962000+00:00,2026-08-27 21:09:48.337000+00:00,HIGH_SPEED,1,0.3549099862575531,HIGH_SPEED,NONE|SPEED,0.2538260519504547,0.3549099862575531,0.07535122334957123,0.02770225889980793,0.23961876332759857,0.048591673374176025,HIGH_SPEED
13,10,39,2026-08-27 21:09:10.084000+00:00,2026-08-27 21:10:08.480000+00:00,HIGH_SPEED,1,0.33695775270462036,HIGH_SPEED,NONE|SPEED,0.28799834847450256,0.33695775270462036,0.07769174128770828,0.02936464361846447,0.2148084193468094,0.0531790554523468,HIGH_SPEED
13,20,49,2026-08-27 21:09:30.216000+00:00,2026-08-27 21:10:28.603000+00:00,HIGH_SPEED,1,0.36521458625793457,HIGH_SPEED,SPEED|NONE,0.280512273311615,0.36521458625793457,0.050190068781375885,0.017785143107175827,0.25431522727012634,0.03198269382119179,HIGH_SPEED
13,30,59,2026-08-27 21:09:50.349000+00:00,2026-08-27 21:10:48.736000+00:00,NORMAL,0,0.4478783905506134,HIGH_SPEED,NONE|SPEED,0.4478783905506134,0.19639936089515686,0.044148460030555725,0.02208631858229637,0.2625543475151062,0.0269332192838192,HIGH_SPEED
13,40,69,2026-08-27 21:10:10.485000+00:00,2026-08-27 21:11:08.881000+00:00,NORMAL,0,0.40441060066223145,,NONE,0.40441060066223145,0.1498470902442932,0.06402301788330078,0.04159197956323624,0.2989038825035095,0.04122346639633179,NONE
13,50,79,2026-08-27 21:10:30.617000+00:00,2026-08-27 21:11:31.013000+00:00,NORMAL,0,0.536443293094635,,NONE,0.536443293094635,0.09887193888425827,0.06044561415910721,0.07191472500562668,0.18638673424720764,0.04593764990568161,NONE
13,60,89,2026-08-27 21:10:50.750000+00:00,2026-08-27 21:11:51.149000+00:00,NORMAL,0,0.4745014011859894,,NONE,0.4745014011859894,0.20792381465435028,0.053144294768571854,0.02432161383330822,0.20761819183826447,0.032490622252225876,NONE
13,70,99,2026-08-27 21:11:10.885000+00:00,2026-08-27 21:12:11.276000+00:00,NORMAL,0,0.3434474766254425,,NONE,0.3434474766254425,0.10946561396121979,0.10901835560798645,0.11240062117576599,0.2530938386917114,0.07257407158613205,NONE
13,80,109,2026-08-27 21:11:33.026000+00:00,2026-08-27 21:12:31.409000+00:00,NORMAL,0,0.581144392490387,,NONE,0.581144392490387,0.17216500639915466,0.05033063143491745,0.030782241374254227,0.1258239895105362,0.039753738790750504,NONE
13,90,119,2026-08-27 21:11:53.159000+00:00,2026-08-27 21:12:51.540000+00:00,NORMAL,0,0.4465382695198059,,NONE,0.4465382695198059,0.22388067841529846,0.040445998311042786,0.0178926270455122,0.2445768564939499,0.026665600016713142,NONE
13,100,129,2026-08-27 21:12:13.289000+00:00,2026-08-27 21:13:11.672000+00:00,NORMAL,0,0.36251381039619446,,NONE,0.36251381039619446,0.12008263170719147,0.10796331614255905,0.08788412809371948,0.2539312541484833,0.06762491166591644,NONE
13,110,139,2026-08-27 21:12:33.423000+00:00,2026-08-27 21:13:31.802000+00:00,NORMAL,0,0.37442392110824585,HARD_ACCELERATION|HARD_BRAKING,NONE|HARD_ACCELERATION|HARD_BRAKING,0.37442392110824585,0.204786017537117,0.0736018642783165,0.043317630887031555,0.2631932497024536,0.040677256882190704,MULTI_EVENT
13,120,149,2026-08-27 21:12:53.553000+00:00,2026-08-27 21:13:51.935000+00:00,NORMAL,0,0.6125203967094421,HARD_ACCELERATION|HARD_BRAKING,NONE|HARD_ACCELERATION|HARD_BRAKING,0.6125203967094421,0.15241116285324097,0.04545442387461662,0.02552553080022335,0.13545648753643036,0.0286320261657238,MULTI_EVENT
14,0,29,2026-08-27 21:14:11.713000+00:00,2026-08-27 21:15:12.101000+00:00,NORMAL,0,0.6909863948822021,,NONE,0.6909863948822021,0.11044151335954666,0.03192251920700073,0.01973959058523178,0.12864378094673157,0.018266132101416588,NONE
14,10,39,2026-08-27 21:14:31.846000+00:00,2026-08-27 21:15:32.231000+00:00,NORMAL,0,0.5563406348228455,,NONE,0.5563406348228455,0.13956598937511444,0.05607657879590988,0.034706927835941315,0.18204639852046967,0.031263407319784164,NONE
14,20,49,2026-08-27 21:14:51.975000+00:00,2026-08-27 21:15:52.362000+00:00,NORMAL,0,0.6009811758995056,,NONE,0.6009811758995056,0.1360672563314438,0.03177474066615105,0.017092177644371986,0.19262145459651947,0.021463194862008095,NONE
14,30,59,2026-08-27 21:15:14.126000+00:00,2026-08-27 21:16:12.492000+00:00,NORMAL,0,0.6397455930709839,,NONE,0.6397455930709839,0.09223795682191849,0.03609338775277138,0.022375142201781273,0.18860259652137756,0.020945290103554726,NONE
14,40,69,2026-08-27 21:15:34.245000+00:00,2026-08-27 21:16:32.621000+00:00,NORMAL,0,0.5835629105567932,,NONE,0.5835629105567932,0.1003013476729393,0.049259673804044724,0.035580068826675415,0.20457397401332855,0.026722008362412453,NONE
14,50,79,2026-08-27 21:15:54.373000+00:00,2026-08-27 21:16:52.749000+00:00,NORMAL,0,0.5523726940155029,,NONE,0.5523726940155029,0.12053795158863068,0.0508837066590786,0.03325921297073364,0.21334417164325714,0.029602335765957832,NONE
14,60,89,2026-08-27 21:16:14.507000+00:00,2026-08-27 21:17:12.878000+00:00,NORMAL,0,0.6001808047294617,HARD_ACCELERATION,NONE|HARD_ACCELERATION,0.6001808047294617,0.10692202299833298,0.02942829579114914,0.019768867641687393,0.21931441128253937,0.024385705590248108,HARD_ACCELERATION
14,70,99,2026-08-27 21:16:34.633000+00:00,2026-08-27 21:17:33.010000+00:00,NORMAL,0,0.6615612506866455,HARD_ACCELERATION,NONE|HARD_ACCELERATION,0.6615612506866455,0.06806626170873642,0.04669272527098656,0.03845430538058281,0.156316876411438,0.028908491134643555,HARD_ACCELERATION
14,80,109,2026-08-27 21:16:54.763000+00:00,2026-08-27 21:17:53.146000+00:00,NORMAL,0,0.5663579702377319,HARD_ACCELERATION,NONE|HARD_ACCELERATION,0.5663579702377319,0.10923264920711517,0.03805330768227577,0.021838756278157234,0.24440772831439972,0.02010958269238472,HARD_ACCELERATION
14,90,119,2026-08-27 21:17:14.892000+00:00,2026-08-27 21:18:13.269000+00:00,NORMAL,0,0.707182765007019,,NONE,0.707182765007019,0.11607101559638977,0.03558787703514099,0.02344280667603016,0.09032122045755386,0.027394365519285202,NONE
14,100,129,2026-08-27 21:17:35.021000+00:00,2026-08-27 21:18:33.400000+00:00,NORMAL,0,0.4242073595523834,,NONE,0.4242073595523834,0.17225615680217743,0.0314885638654232,0.016021130606532097,0.33296141028404236,0.023065313696861267,NONE
14,110,139,2026-08-27 21:17:55.153000+00:00,2026-08-27 21:18:53.488000+00:00,SUDDEN_TURN,4,0.3797341287136078,SUDDEN_TURN,NONE|SUDDEN_TURN,0.15296898782253265,0.12852121889591217,0.1302429586648941,0.1204996183514595,0.3797341287136078,0.08803306519985199,SUDDEN_TURN
14,120,149,2026-08-27 21:18:15.284000+00:00,2026-08-27 21:19:13.596000+00:00,SUDDEN_TURN,4,0.3569317162036896,SUDDEN_TURN,NONE|SUDDEN_TURN,0.13514314591884613,0.1478091925382614,0.12196293473243713,0.1442345678806305,0.3569317162036896,0.09391838312149048,SUDDEN_TURN
14,130,159,2026-08-27 21:18:35.412000+00:00,2026-08-27 21:19:33.685000+00:00,SUDDEN_TURN,4,0.36125338077545166,SUDDEN_TURN,NONE|SUDDEN_TURN,0.1350158303976059,0.14015838503837585,0.12363329529762268,0.15087638795375824,0.36125338077545166,0.08906269818544388,SUDDEN_TURN
15,0,29,2026-08-27 21:19:56.954000+00:00,2026-08-27 21:20:55.326000+00:00,NORMAL,0,0.6270247101783752,,NONE,0.6270247101783752,0.15688681602478027,0.03724738210439682,0.020145779475569725,0.1332976371049881,0.025397613644599915,NONE
15,10,39,2026-08-27 21:20:17.077000+00:00,2026-08-27 21:21:15.453000+00:00,NORMAL,0,0.44767841696739197,,NONE,0.44767841696739197,0.21478204429149628,0.06215209141373634,0.031797297298908234,0.20758216083049774,0.036007970571517944,NONE
15,20,49,2026-08-27 21:20:37.211000+00:00,2026-08-27 21:21:35.585000+00:00,NORMAL,0,0.46335726976394653,,NONE,0.46335726976394653,0.21478547155857086,0.05308610945940018,0.02643480896949768,0.21027427911758423,0.03206208720803261,NONE
15,30,59,2026-08-27 21:20:57.340000+00:00,2026-08-27 21:21:55.716000+00:00,NORMAL,0,0.43133676052093506,,NONE,0.43133676052093506,0.19252336025238037,0.07495608180761337,0.04369876906275749,0.21486946940422058,0.04261550307273865,NONE
15,40,69,2026-08-27 21:21:17.463000+00:00,2026-08-27 21:22:15.851000+00:00,NORMAL,0,0.6131035685539246,,NONE,0.6131035685539246,0.1832708716392517,0.034063223749399185,0.01671019196510315,0.12862274050712585,0.02422948181629181,NONE
15,50,79,2026-08-27 21:21:37.599000+00:00,2026-08-27 21:22:35.984000+00:00,NORMAL,0,0.44455334544181824,,NONE,0.44455334544181824,0.16715312004089355,0.07261734455823898,0.03871593624353409,0.23670166730880737,0.04025853052735329,NONE
15,60,89,2026-08-27 21:21:57.731000+00:00,2026-08-27 21:22:56.117000+00:00,NORMAL,0,0.5533419847488403,,NONE,0.5533419847488403,0.1374378502368927,0.043439704924821854,0.020435048267245293,0.2224346101284027,0.022910771891474724,NONE
15,70,99,2026-08-27 21:22:17.865000+00:00,2026-08-27 21:23:16.248000+00:00,NORMAL,0,0.48963162302970886,,NONE,0.48963162302970886,0.1579975187778473,0.046491749584674835,0.02681046538054943,0.24952861666679382,0.029539991170167923,NONE
15,80,109,2026-08-27 21:22:37.996000+00:00,2026-08-27 21:23:36.379000+00:00,NORMAL,0,0.5632063150405884,,NONE,0.5632063150405884,0.11884049326181412,0.053424037992954254,0.03364591673016548,0.2000475823879242,0.0308357086032629,NONE
15,90,119,2026-08-27 21:22:58.129000+00:00,2026-08-27 21:23:56.514000+00:00,NORMAL,0,0.5771821141242981,,NONE,0.5771821141242981,0.13253171741962433,0.05415375530719757,0.03298474848270416,0.17243017256259918,0.030717475339770317,NONE
15,100,129,2026-08-27 21:23:18.261000+00:00,2026-08-27 21:24:16.646000+00:00,NORMAL,0,0.5097923874855042,,NONE,0.5097923874855042,0.16527974605560303,0.0660509318113327,0.03879226744174957,0.17984017729759216,0.04024443030357361,NONE
15,110,139,2026-08-27 21:23:38.392000+00:00,2026-08-27 21:24:36.778000+00:00,NORMAL,0,0.569756031036377,,NONE,0.569756031036377,0.20144332945346832,0.04374317452311516,0.020208273082971573,0.13933461904525757,0.025514550507068634,NONE
15,120,149,2026-08-27 21:23:58.525000+00:00,2026-08-27 21:24:56.892000+00:00,NORMAL,0,0.5275068879127502,HIGH_SPEED,NONE|SPEED,0.5275068879127502,0.27708524465560913,0.03506613150238991,0.013866160064935684,0.12428475171327591,0.022190779447555542,HIGH_SPEED
15,130,159,2026-08-27 21:24:18.659000+00:00,2026-08-27 21:25:17.023000+00:00,NORMAL,0,0.4100566804409027,HIGH_SPEED,NONE|SPEED,0.4100566804409027,0.27431973814964294,0.0518740750849247,0.019850293174386024,0.2132861465215683,0.030612993985414505,HIGH_SPEED
15,140,169,2026-08-27 21:24:38.781000+00:00,2026-08-27 21:25:37.153000+00:00,NORMAL,0,0.5611383318901062,HIGH_SPEED,NONE|SPEED,0.5611383318901062,0.15732894837856293,0.046830058097839355,0.02048613131046295,0.19217059016227722,0.02204599604010582,HIGH_SPEED
15,150,179,2026-08-27 21:24:58.905000+00:00,2026-08-27 21:25:57.292000+00:00,NORMAL,0,0.4968984127044678,,NONE,0.4968984127044678,0.22131836414337158,0.05538170784711838,0.02518947422504425,0.168535977602005,0.03267603740096092,NONE
15,160,189,2026-08-27 21:25:19.036000+00:00,2026-08-27 21:26:17.421000+00:00,NORMAL,0,0.3167864978313446,,NONE,0.3167864978313446,0.11380728334188461,0.11831418424844742,0.07783345133066177,0.31049618124961853,0.06276233494281769,NONE
15,170,199,2026-08-27 21:25:39.171000+00:00,2026-08-27 21:26:37.540000+00:00,NORMAL,0,0.6137028336524963,,NONE,0.6137028336524963,0.13559995591640472,0.03243764117360115,0.017148345708847046,0.18120300769805908,0.01990819163620472,NONE
15,180,209,2026-08-27 21:25:59.303000+00:00,2026-08-27 21:26:57.678000+00:00,NORMAL,0,0.30411621928215027,,NONE,0.30411621928215027,0.1344468742609024,0.1214265301823616,0.10280974209308624,0.2385053038597107,0.09869534522294998,NONE
15,190,219,2026-08-27 21:26:19.434000+00:00,2026-08-27 21:27:17.802000+00:00,NORMAL,0,0.4475909471511841,,NONE,0.4475909471511841,0.10987994074821472,0.07827838510274887,0.0574934147298336,0.2593132257461548,0.04744405299425125,NONE
15,200,229,2026-08-27 21:26:39.553000+00:00,2026-08-27 21:27:37.936000+00:00,NORMAL,0,0.5158275961875916,,NONE,0.5158275961875916,0.07347425073385239,0.07044553756713867,0.04416393116116524,0.25940197706222534,0.03668666630983353,NONE
15,210,239,2026-08-27 21:26:59.685000+00:00,2026-08-27 21:27:58.073000+00:00,NORMAL,0,0.43069887161254883,,NONE,0.43069887161254883,0.08139512687921524,0.09399331361055374,0.07344087958335876,0.26537564396858215,0.05509611591696739,NONE
15,220,249,2026-08-27 21:27:19.816000+00:00,2026-08-27 21:28:18.204000+00:00,NORMAL,0,0.417550265789032,,NONE,0.417550265789032,0.10160217434167862,0.08255039900541306,0.052728936076164246,0.3024623394012451,0.043105896562337875,NONE
15,230,259,2026-08-27 21:27:39.949000+00:00,2026-08-27 21:28:38.336000+00:00,NORMAL,0,0.5113620162010193,,NONE,0.5113620162010193,0.08850019425153732,0.06958749145269394,0.04912814870476723,0.24028770625591278,0.041134338825941086,NONE
15,240,269,2026-08-27 21:28:00.089000+00:00,2026-08-27 21:28:58.474000+00:00,NORMAL,0,0.4812862277030945,,NONE,0.4812862277030945,0.0811283215880394,0.07970684766769409,0.053819771856069565,0.2595023810863495,0.04455648735165596,NONE
15,250,279,2026-08-27 21:28:20.218000+00:00,2026-08-27 21:29:18.604000+00:00,NORMAL,0,0.48522496223449707,,NONE,0.48522496223449707,0.08722130954265594,0.08049269765615463,0.06119454652070999,0.23586596548557281,0.050000470131635666,NONE
15,260,289,2026-08-27 21:28:40.351000+00:00,2026-08-27 21:29:38.723000+00:00,SUDDEN_TURN,4,0.353142112493515,,NONE,0.2994752526283264,0.13016748428344727,0.09669555723667145,0.06672415882349014,0.353142112493515,0.05379541963338852,NONE
